"","","","","","",""
"name","price","currentStock","minStock","barcode","storeId","code"
"FILTER AIR TOYOTA 17801-61030(AF4509)","49,656","26","57","1780161030","4","106344"
"FILTER OIL TOYOTA 90915-30002-8T( LF3608)","15,935","","53","90915300028T","4","109585"
"FILTER FUEL TOYOTA 23390-51070 (FF5765)","13,816","41","39","23390YZZA3","4","109563"
"FILTER OIL TOYOTA 90915-TB001","9,874","","17","90915YZZJ3","4","109583"
"FILTER AIR TOYOTA 17801-0L040","24,892","32","17","178010L040","4","109582"
"FILTER FUEL TOYOTA 23390-0L070(FF5890)","24,524","31","16","233900L070","4","106347"
"FILTER AIR CABIN TOYOTA 87139-0K070( AF56057)","33,905","","15","871390K090","4","109581"
"BUSH TOYOTA 90385-18021","1,949","8","11","9038518021","4","110112"
"SEAL OIL TYPE T FRONT SHAFT TOYOTA 90310-35010","3,687","8","9","9031035010","4","111730"
"BELT VEE TOYOTA 90916-02452","23,987","0","7","9091602452","4","109588"
"LAMP HEADLIGHT 60/55W 12V DC TOYOTA 90981-13058","19,156","4","0","9098113058","4","113417"
"BELT AIR CONDITIONER TOYOTA 99332-11260","13,322","0","4","99332112608P","4","109594"
"BUSH STABILIZER TOYOTA 48815-60170","3,277","","4","4881560170","4","110134"
"BUSH SUB-ASSY TOYOTA 48706-60070","5,848","1","0","4870660070","4","110144"
"FILTER OIL TOYOTA 90915-20003 (LF3460)","9,874","","6","90915YZZJ3","4","109574"
"BOLT HUB TOYOTA 90942-02083","1,498","","0","9094202083","4","109602"
"BUSH SUB-ASSY LEADING ARM NO.1 TOYOTA 48702-60120","18,181","0","0","4870260120","4","122892"
"BUSH STABILIZER TOYOTA 90385-11021","720","10","4","9038511021","4","110141"
"BEARING STEERING KNUCKLE TOYOTA 90366-20003","13,081","10","5","9036620003","4","111734"
"BUSH TOYOTA 90385-13009","805","0","4","9038513009","4","110111"
"NUT HUB TOYOTA 90942-01101","1,949","4","0","9094201101","4","109603"
"BUSH TOYOTA 90385-18022","1,949","15","5","9038518022","4","110113"
"BRAKE PAD KIT DISC REAR TOYOTA 04466-60160","43,525","10","2","0446660160","4","106372"
"BUSHING REAR SHOCK ABOSORBER TOYOTA 90385-19003","1,271","0","0","9038519003","4","113890"
"DISC FR TOYOTA 43512-60141","99,821","1","6","4351260141","4","110210"
"BEARING TOYOTA 90368-45087","24,665","7","1","9036845087","4","111996"
"FILTER FUEL TOYOTA 23390-0L041 ","13,646","41","4","23390YZZA1","4","109572"
"PAD KIT FRONT BRAKE TOYOTA 04465-60340","59,912","11","4","0446560340","4","109597"
"SPIDER KIT UNIVERSAL TOYOTA 04371-60070","30,302","16","2","0437160070","4","110454"
"SPINDLE SUB-ASSY STEERING KNUCKLE TOYOTA 43401-60100","106,347","8","5","4340160100","4","114369"
"LIGHT BULB KIT H4 TYPE1 TOYOTA 90981-YZZC1","13,251","","0","90981YZZC1","4","110291"
"DISC ASSY CLUTCH TOYOTA 31250-60431","117,225","3","3","3125060431","4","110215"
"SPINDLE SUB-ASSY TOYOTA 43401-60081","92,333","2","2","4340160081","4","111735"
"FILTER AIR TOYOTA 17801-0C010(AF26501)","26,078","","4","178010C020","4","109571"
"FILTER FUEL TOYOTA 23390-64480(FF5412)","25,202","6","4","2339064480","4","106345"
"BRAKE PAD KIT REAR TOYOTA 04495-60070","67,032","","2","0449560070","4","109599"
"FILTER FUEL ASSY TOYOTA 23300-30450","17,164","","1","2330030450","4","109601"
"NUT LOCK ADJUSTING HUB TOYOTA 43521-60011","2,685","8","2","4352160011","4","114371"
"BUSH SUB-ASSY LOWER TOYOTA 48061-60050","13,731","","0","4806160050","4","110146"
"BEARING ASSY CLUTCH TOYOTA 31230-60201","35,670","1","3","3123060201","4","110067"
"COVER ASSY CLUTCH TOYOTA 31210-36330","142,512","1","3","3121036330","4","110173"
"FILTER OIL TOYOTA 04152-38020","9,719","6","3","04152YZZA4","4","109561"
"SHOE HAND BRAKE TOYOTA 46550-60070","10,963","1","3","4655060070","4","113894"
"BEARING CLUTCH AXLE INNER TOYOTA 90368-49084","30,189","4","1","9036849084","4","114362"
"FILTER AIR TOYOTA 17801-51020","24,892","20","3","1780151020","4","109560"
"COVER ASSY CLUTCH TOYOTA 31210-0K320","135,321","","2","312100K320","4","110175"
"DISC: ASSY CLUTCH TOYOTA 31250-0K320","106,983","5","2","312500K320","4","112478"
"SEAL OIL: TYPE T FRONT TOYOTA 90311-41009","7,191","","3","9031141009","4","112475"
"NUT HUB TOYOTA 90942-01082","1,512","","0","9094201082","4","110379"
"BULB 24V 25W TOYOTA 90134-11250","2,797","","0","9913411250","4","110100"
"SEAL OIL TOYOTA 90311-62007","9,818","30","1","9031162007","4","114370"
"INJECTOR DRIVER C/W NOZZLE SET TOYOTA 23600-19075","134,007","","0","23600-19075","4","114340"
"PULLEY IDLE COMPRESSOR COOLER TOYOTA 88440-35010","44,768","3","2","8844035010","4","109600"
"BEARING ASSY CLUTCH TOYOTA 31230-71050","46,138","4","1","3123071050/71052","4","110069"
"BOLT STUD REAR AXLE HUB TOYOTA 90116-10201","537","","3","9011610201","4","116809"
"FILTER AIR TOYOTA 87139-52020(AF56021)","16,840","","2","87139YZZ16","4","106348"
"SEAL OIL TOYOTA 90310-36003","2,317","0","3","9031036003","4","110427"
"WASHER TOYOTA 90215-42025","918","","2","9021542025","4","114674"
"HANDLE DOOR SUB-ASSY FRONT INSIDE RH TOYOTA 69205-20040-B1","8,787","","1","69205-20040B1","4","114255"
"BOLT HUB TOYOTA 90942-02081","1,172","","0","9094202081","4","110087"
"SHOE BRAKE ASSY PARKING TOYOTA 46540-60060","11,824","15","2","4654060060","4","113428"
"MOTOR ASSY WINDSCREEN WIPER TOYOTA 85110-60202","133,809","0","2","8511060202","4","112441"
"FILTER AIR POLLEN TOYOTA 87139-52040","16,840","","1","87139YZZ16","4","106346"
"SHAFT ASSY FR DRIVE TOYOTA 43430-0K070","194,301","0","1","434300K070","4","110449"
"ROD ASSY TOYOTA 48740-60140","78,404","","1","4874060140","4","200184"
"DRUM BRAKE TOYOTA 42431-60250","112,888","1","1","4243160250","4","110219"
"ALTERNATOR ASSY TOYOTA 27060-17220","305,550","3","1","2706017220","4","110036"
"SHAFT SUB-ASSY OUTER FRONT TOYOTA 43405-60100","256,318","5","0","4340560100","4","111732"
"BUSH TOYOTA 90385-T0014","834","7","4","90385T0014","4","110118"
"WASHER CONE REAR AXLE SHAFT RH & LH TOYOTA 42323-60030","494","30","3","4232360030","4","116872"
"DISC BRAKE TOYOTA 42431-60261","110,783","0","2","4243160261","4","110211"
"BUSH STABILIZER TOYOTA 48815-26020","3,348","","2","4881526020","4","110109"
"KIT BRAKE PAD DISC BRAKE FRONT MARK ADVICS PC519 TOYOTA 04465-60370","64,065","","2","0446560370","4","204045"
"ROD TIE CPLG/SUB-ASSY LH;END TOYOTA 45046-69135","25,541","","0","45046-69135","4","301795"
"BEARING TOYOTA 90369-T0003","40,954","","0","90369T0003","4","110058"
"BEARING TAPERED ROLLER TOYOTA 90366-T0061","61,057","2","2","90366T0061","4","110065"
"ARM ASSY/LEADING FRONT TOYOTA 48610-60040","15,935","1","2","90915300028T","4","301775"
"CAP TOYOTA 43423-35010  ","1,356","1","1","4342335010","4","114677"
"BELT TIMING TOYOTA 13568-19195","28,579","9","0","1356819195","4","110079"
"WASHER CLAW/LOCATING TOYOTA 90214-42030","1,370","","0","90214-42030","4","200231"
"SHAFT ASSY FR DRIVE TOYOTA 43430-0K022","192,832","2","0","434300K022","4","110451"
"NUT WHEEL TOYOTA 90942-01103","4,238","","7","9094201103","4","116408"
"SHAFT SUB-ASSY AXLE OUTER TOYOTA 43405-60120","256,318","6","1","4340560120","4","111994"
"BOLT SHOE GUIDE PLATE TOYOTA TOYOTA 47459-30010","1,738","","0","4745930010","4","126509"
"END SUB-ASSY TIE ROD TOYOTA 45047-69085","25,541","5","0","4504769085","4","110234"
"SEAL OIL TYPE V TOYOTA 90312-T0001","6,102","0","0","90312T0001","4","110433"
"FLOOR MAT LIGHT VEHICLE TOYOTA 4PCS EACH","24,397","","","4EACH","4","N32427"
"HANDLE SUB-ASSY FRONT DOOR OUTSIDE LH TOYOTA 69206-10040-B6","6,300","","2","69206-10040B6","4","112108"
"EVAPORATOR:ASSY 12V DC TOYOTA 88501-60392","211,649","","1","8850160392","4","112445"
"HANDLE ASSY FRONT DOOR WINDOW REGULATOR TOYOTA 69260-10040-B7","5,170","","0","69260-10040B7","4","306220"
"BRAKE KIT REAR TOYOTA 04495-0K120","58,245","1","0","044950K120","4","109578"
"SEAL OIL TYPE D TOYOTA 90316-T0002","13,251","","0","90316T0002","4","110425"
"O-RING TOYOTA 90301-T0017","1,568","2","0","90301T0017","4","111026"
"MOTOR: SUB ASSY FAN BLOWER TOYOTA 87103-60421","114,866","2","1","8710360421","4","112460"
"SEAL OIL TOYOTA 90311-62002","9,917","0","0","9031162002","4","116613"
"PLUG TOYOTA 90341-18006","1,512","","0","9034118006","4","110385"
"BOLT TOYOTA 90119-12088","989","","0","9011912088","4","113891"
"ABSORBER SHOCK ASSY/SET/REAR TOYOTA 48531-69855","31,376","1","0","4853169855","4","200181"
"ABSORBER SET SHOCK TOYOTA 48511-69675","38,029","0","2","4851169675","4","110030"
"CIRCLIP TOYOTA 90170-10039","382","","1","9017010039","4","111995"
"SWITCH ASSY BACK UP LAMP TOYOTA 84210-52050","12,870","3","1","8421052050","4","111083"
"LINK ASSY FR STABILIZER TOYOTA 48810-0K010","45,531","","1","488100K010","4","110357"
"CABLE ASSY PARKING BRAKE TOYOTA 46410-60840","25,316","6","1","4641060840","4","118708"
"LINK ASSY FR STABILIZER TOYOTA 48820-0K030","45,531","","1","488200K030","4","110358"
"BRAKE KIT FRONT BRAKE DISC/PAD TOYOTA 04465-0K340","54,756","9","0","044650K340","4","109576"
"SEAL OIL TYPE V TOYOTA 90311-T0037","4,083","0","0","90311T0037","4","110436"
"DISC FR TOYOTA 43512-0K060","95,978","1","0","435120K060","4","110208"
"CUP HOLD DOWN SHOE TOYOTA 47449-30030","720","","0","4744930030","4","112374"
"GASKET PLUG TOYOTA 12157-10010","367","4","0","1215710010","4","110285"
"RING SNAP TOYOTA 90520-31010 ","834","1","2","9052031010","4","114676"
"FILTER CARTRIDGE OIL TOYOTA 15600-41010(LF551A/LF3313)","8,985","","2","9091540002","4","116251"
"HANDLE ASSY FRONT DOOR OUTSIDE RH TOYOTA 69210-90K00","27,025","","1","6921090K00","4","112105"
"BULB DISCHARGE HEADLAMP TOYOTA 90981-20024","94,015","","0","9098120024","4","123231"
"END SUB-ASSY TIE ROD TOYOTA 45046-09800","19,241","3","0","4504609800","4","110236"
"END SUB-ASSY TOYOTA 45044-69145","34,427","6","0","4504469145","4","110228"
"HUB SUB-ASSY FRONT TOYOTA 43502-69087","87,247","","0","4350269087","4","118429"
"HANDLE DOOR SUB-ASSY FRONT INSIDE LH TOYOTA 69206-20040-B1","8,787","","0","69206-20040B1","4","114256"
"DRUM BRAKE TOYOTA 42431-37080","121,421","","0","4243137080","4","110218"
"BULB TOYOTA 90981-17008","15,949","","0","9098117008","4","110099"
"HEAD PUMP FUEL DISTRIBUTIVE VEHICLE TOYOTA 22140-17810","134,007","0","0","2214017810","4","124595"
"LAMP ASSY RR TOYOTA 81560-60342","62,709","","1","8156060342","4","110340"
"BOLT IDLER PULLEY TOYOTA 88446-60030","2,345","2","1","8844660030","4","204036"
"LAMP ASSY RR TOYOTA 81550-60422","62,709","2","1","8155060422","4","110339"
"BLADE WIPER FRONT RH TOYOTA 85212-0K020","13,533","","0","852120K020","4","109580"
"CUP SHOE INNER TOYOTA 47449-40010","1,003","10","0","4744940010","4","113493"
"FLANGE TOYOTA 43421-60060 ","22,024","2","0","4342160060","4","114675"
"BELT V FAN ALTERNATOR TOYOTA 90916-T2006","41,194","","0","90916T2006","4","109575"
"ALTERNATOR ASSY TOYOTA 27060-0L120","333,790","0","0","270600L120","4","110035"
"SENSOR SPEED REAR RH TOYOTA 89545-60040","84,564","2","0","8954560040","4","123809"
"SENSOR ABS REAR LH TOYOTA 89546-60040","84,564","8","0","8954660040","4","313952"
"HANDLE SUB-ASSY FRONT DOOR OUTSIDE RH TOYOTA 69205-10040-B7","7,883","","0","69205-10040B7","4","112107"
"PAD KIT TOYOTA 04466-60080","40,460","","0","446660080","4","305935"
"ABSORBER SET SHOCK TOYOTA 48531-69865","31,376","1","0","4853169865","4","110031"
"JOINT ASSY LOWER BALL TOYOTA 43330-09510","18,436","5","0","4333009510","4","110334"
"PUMP ASSY INJECTION TOYOTA 22100-1C201","1,893,086","","0","221001C201","4","110403"
"BUSH TOYOTA 90385-T0017","650","7","3","90385T0017","4","110119"
"EVAPORATOR SUB-ASSY TOYOTA 88501-0K390","243,562","1","1","885010K390","4","110238"
"INSULATOR ENGINE MOUNT TOYOTA 12361-0L010","21,882","","1","123610L010","4","110333"
"RADIATOR ASSY TOYOTA 16400-17401","355,983","2","1","1640017401","4","110413"
"CLUTCH ASSY MAGNET TOYOTA 88410-0K480","219,093","","1","884100K480","4","110157"
"WASHER TOYOTA 90201-12019","537","","0","9020112019","4","115727"
"BOLT HEXAGON REAR CALIPER TOYOTA 90101-12167","537","","0","9010112167","4","123281"
"REGULATOR ESCUTCHEON DOOR HANDLE TOYOTA 69266-22010","409","","0","6926622010","4","127128"
"SPRING COMPRESSION TOYOTA 90501-16053","678","","0","9050116053","4","112373"
"PIN HOLD DOWN SHOE TOYOTA 47447-30020","650","10","0","4744730020","4","112375"
"SHOE BRAKE ASSY PARKING TOYOTA 46580-60060","11,824","","0","4658060060","4","113429"
"NUT ADJUSTING TOYOTA 43521-60020","1,963","2","0","4352160020","4","114372"
"LINK STABILIZER/SUB-ASSY FRONT TOYOTA 48802-60120","35,317","1","0","4880260120","4","301773"
"WINDOW REGULATOR SUB-ASSY LH FRONT DOOR TOYOTA 69820-60300","47,989","10","0","6982060300","4","306226"
"COVER ASSY CLUTCH TOYOTA 31210-0K040","135,321","3","0","312100K040","4","110172"
"DISC ASSY CLUTCH TOYOTA 31250-0K205","106,870","","0","312500K205","4","110213"
"MIRROR ASSY OUTER TOYOTA 87910-60142","80,382","2","0","8791060142","4","110367"
"SHAFT AXLE FRONT TOYOTA 43411-60100","37,761","0","0","4341160100","4","111993"
"PIN TOYOTA 47447-50010","650","","0","4744750010","4","113492"
"SENSOR SPEED FRONT RH TOYOTA 89542-60060","84,564","4","0","8954260060","4","119166"
"SEAL OIL TYPE V TOYOTA 90311-T0035","6,795","","0","90311T0035","4","110435"
"SENSOR ABS FRONT LH TOYOTA 89543-60030","84,564","11","0","8954360030","4","313951"
"BELT ASSY FRONT OUTER LH TOYOTA 73220-0K092-B1","94,311","","0","73220-0K092B1","4","115738"
"COMPUTER SUB-ASSY HEADLAMP LIGHT CONTROL TOYOTA 81107-60F10","106,277","","0","8110760F10","4","128853"
"FILTER FUEL ASSY TOYOTA 23300-0L110","56,296","","0","233000L110","4","109584"
"END SUB-ASSY TOYOTA 45045-69075","29,073","1","0","4504569075","4","110229"
"COVER SUB ASSY/FREE WHEEL HUB TOYOTA 43509-60051","47,438","","0","9091510000","4","115845"
"CYLINDER ASSY RH TOYOTA 47730-60120","177,773","","0","4773060120","4","200169"
"ABSORBER ASSY SHOCK TOYOTA 48510-09J10","106,657","3","0","4851009J10","4","110027"
"ARM SUB-ASSY SUSPENSION TOYOTA 48610-0K040","155,424","","0","486100K040","4","110044"
"ARM SUB-ASSY SUSPENSION TOYOTA 48630-0K040","155,424","1","0","486300K040","4","110045"
"ARM SUB-ASSY SUSPENSION TOYOTA 48068-0K040","219,023","2","0","480680K040","4","110054"
"ARM SUB-ASSY SUSPENSION TOYOTA 48069-0K040","219,023","4","0","480690K040","4","110056"
"CARRIER ASSY DIFFERENTIAL REAR TOYOTA 41110-60B01","1,549,238","","0","4111060B01","4","306124"
"GASKET TOYOTA 43422-60070","707","4","1","4342260070","4","114363"
"HANDLE BACK DOOR INSIDE TOYOTA 69212-60030","5,495","","1","6921260030","4","114635"
"CABLE ASSY TOYOTA 46410-60A90","29,257","4","1","4641060A90","4","313358"
"SEAL OIL FOR REAR DIFFERENTIAL CARRIER TOYOTA 90311-41018","7,148","4","1","9031141018","4","120815"
"STARTER ASSY TOYOTA 28100-0L180","256,233","4","1","281000L180","4","110461"
"ALTERNATOR ASSY TOYOTA 27060-0L022","306,285","3","1","270600L022","4","110039"
"HANDLE DOOR ASSY OUTSIDE RH TOYOTA 69230-60030","33,721","","1","6923060030","4","114254"
"RING SNAP RH T=2.8 TOYOTA 90520-31005","834","1","1","9052031005","4","116564"
"BEARING ROLLER: TPRD REAR TOYOTA 90366-30105","25,951","","1","9036630105","4","112473"
"HANDLE DOOR ASSY OUTSIDE LH TOYOTA 69240-60030","33,721","","1","6924060030","4","114253"
"COVER TOYOTA 48823-60030","2,232","2","1","4882360030","4","116214"
"ABSORBER ASSY FRONT RH TOYOTA 48511-69676","31,475","3","1","4851169676","4","119163"
"CAP ASSY 77310-60100","11,499","","0","7731060100","4","313368"
"BELT TIMING TOYOTA 13568-39016","28,339","","0","1356839016","4","110080"
"SPIDER KIT UNIVERSAL TOYOTA 04371-0K110","26,107","","0","043710K110","4","110456"
"CYLINDER ASSY RH FRONT BRAKE DISC TOYOTA 47730-60370","217,737","0","0","4773060370","4","118015"
"CYLINDER ASSY LH BRAKE DISC TOYOTA 47750-60370","217,737","0","0","4775060370","4","118016"
"HUB SUB-ASSY FRONT TOYOTA 43503-69045","94,735","","0","4350369045","4","301811"
"BLADE WIPER FRONT RH TOYOTA 85222-53071","20,343","","0","8522253071","4","109568"
"BLADE WIPER FRONT LH TOYOTA 85222-42110","23,366","","0","8522242110","4","109569"
"CLUTCH ASSY MAGNET TOYOTA 88410-0K710","220,153","","0","884100K710","4","110160"
"CYLINDER ASSY FRONT DISC BRAKE RH TOYOTA 47730-0K260","217,737","","0","477300K260","4","128846"
"CYLINDER ASSY FRONT DISC BRAKE LH TOYOTA 47750-0K260","217,737","","0","477500K260","4","128852"
"BLADE WIPER FRONT RH TOYOTA 85212-60032","10,397","3","0","8521260032","4","109595"
"LENS REAR LAMP TOYOTA 81561-90K09","44,768","2","0","8156190K09","4","109903"
"BEARING ASSY RELEASE CLUTCH TOYOTA 31230-71011","46,053","0","0","3123071011","4","110068"
"HANDLE ASSY FRONT DOOR OUTSIDE LH TOYOTA 69220-90K00","27,025","","0","6922090K00","4","112106"
"CARRIER ASSY DIFFERENTIAL FRONT TOYOTA 41110-60280","928,263","0","0","4111060280/82","4","113277"
"CYLINDER ASSY DISC BRAKE LH TOYOTA 47750-60120","177,773","","0","4775060120","4","122890"
"CAP SUB-ASSY VANE PUMP OIL RESERVOIR  TOYOTA 44305-22061","9,436","","0","4430522061","4","123282"
"END SUB-ASSY TIE ROD TOYOTA 45046-09281","19,425","5","0","4504609281","4","110235"
"GEAR ASSY POWER STEERING TOYOTA 44110-60440","984,827","0","0","4411060440","4","113823"
"GUARD SPIRAL TOYOTA 84306-52100","84,888","","0","8430652100","4","113980"
"BOLT TOYOTA 90105-14198","707","","0","9010514198","4","122233"
"MIRROR ASSY OUTER TOYOTA 87940-0K013","61,650","","1","879400K013","4","110365"
"CAP FILTER FUEL TOYOTA 23380-17531","24,256","0","1","2338017531","4","109565"
"COMPRESSOR ASSY TOYOTA 88320-0K660","491,375","","1","883200K660","4","110163"
"INSULATOR ENGINE MOUNT TOYOTA 12371-0L210","37,041","","1","123710L210","4","110331"
"HANDLE DOOR BACK OUTSIDE LH TOYOTA 69220-32010","14,791","","1","6922032010","4","114258"
"SEAL DUST TOYOTA 90313-93003","22,122","","1","9031393003","4","111737"
"PUMP ASSY TOYOTA 44310-60450","245,073","1","1","4431060450","4","113624"
"LOCK ASSY BACK DOOR LOWER TOYOTA 69380-90k00","35,317","","1","6938090k00","4","114636"
"TUBE FRONT BRAKE NO.3 TOYOTA 47314-60330","3,546","","1","4731460330","4","120428"
"DRUM BRAKE TOYOTA 42431-0K120","101,035","","0","424310K120","4","110217"
"HORN ASSY LOW PITCH TOYOTA 86520-0K010","20,950","","0","865200K010","4","110299"
"INSULATOR ENGINE TOYOTA 12361-17091","39,654","4","0","1236117091","4","110324"
"NOZZLE ASSY TOYOTA 23620-19105","35,006","7","0","2362019105","4","110378"
"STARTER ASSY TOYOTA 28100-0L042","256,233","","0","281000L042","4","110460"
"UNIT ASSY HEADLAMP TOYOTA 81170-60C20","217,469","","0","8117060C20","4","110484"
"BOLT TOYOTA 90126-12005","720","","0","9012612005","4","115725"
"CYLINDER KIT WHEEL TOYOTA 04474-35100","11,541","","0","0447435100","4","110200"
"CYLINDER MASTER SUB-ASSY TOYOTA 47201-60A40","105,966","","0","4720160A40","4","114356"
"PLATE REAR AXLE LOCK NUT RH & LH TOYOTA 42428-60011","12,983","1","0","4242860011","4","116824"
"SHOE BRAKE PARKING TOYOTA 47061-60030","22,773","","0","4706160030","4","203925"
"CYLINDER ASSY CLUTCH TOYOTA 31470-0K030","22,335","0","0","314700K030","4","110183"
"CYLINDER ASSY REAR LH TOYOTA  47750-60110","125,178","","0","4775060110","4","119265"
"HUB WHEEL ASSY FRONT TOYOTA 43530-60130","144,645","5","0","4353060130","4","308147"
"BRAKE PAD KIT DISC FRONT TOYOTA 04465-60280","67,597","4","0","0446560280","4","106371"
"BLADE WIPER FRONT LH TOYOTA 85222-60062","11,230","","0","8522260062","4","109596"
"CYLINDER WHEEL TOYOTA 47550-60120","22,617","0","0","4755060120","4","110182"
"END SUB-ASSY TIE ROD TOYOTA 45046-39275","23,634","3","0","4504639275","4","110232"
"PLUG ASSY GLOW TOYOTA 19850-17020","14,522","8","0","1985017020","4","110387"
"SEAL DUST TOYOTA 90304-T0001","11,076","","0","90304T0001","4","110422"
"HUB ASSY TOYOTA 43502-KK010","62,328","","0","43502KK010","4","111024"
"GASKET KIT FRONT AXLE OVERHAUL TOYOTA 04434-60130","80,636","","0","443460130","4","111736"
"WINDOW ASSY BACK TOYOTA 64810-0K040","123,370","","0","648100K040","4","129006"
"SPRING TENSION NO.1 TOYOTA 90506-12029","1,949","","0","9050612029","4","129942"
"CYLINDER ASSY CLUTCH MASTER TOYOTA 31420-0K070","38,976","2","0","314200K070","4","110190"
"RING SHAFT SNAP TOYOTA 90521-34005","678","7","0","9052134005","4","111733"
"SHAFT FRONT AXLE INNER LH TOYOTA 43412-60140","76,370","2","0","4341260140","4","111980"
"RETAINER SUB-ASSEMBLY TOYOTA 33108-0K010","50,207","","0","331080k010","4","114354"
"COVER ASSY CLUTCH TOYOTA 31210-0K190","142,512","","0","312100K190","4","115733"
"DISC ASSY CLUTCH TOYOTA 31250-0K221","125,193","","0","312500K221","4","115734"
"MOTOR AND PUMP ASSY WINDSHIELD WASHER TOYOTA 85330-21010","31,871","","0","8533021010","4","122928"
"LENS LAMP REAR COMB LH TOYOTA 81551-90K09","44,768","","0","8155190K09","4","106349"
"ABSORBER ASSY SHOCK TOYOTA 48530-69395","31,376","6","0","4853069395","4","110026"
"BOLT TOYOTA 90942-02049","1,356","","0","9094202049","4","110085"
"BOLT HUB TOYOTA 90942-02079","1,949","","0","9094202079","4","110086"
"BOOT KIT FR DRIVE TOYOTA 04427-0K021","67,526","","0","044270K021","4","110093"
"BUMPER SUB-ASSY FR TOYOTA 48304-60110","12,347","","0","4830460110","4","110108"
"BUSH LOWER ARM TOYOTA 48654-0K040","19,792","0","0","486540K040","4","110125"
"BUSH LOWER ARM NO.2 TOYOTA 48655-0K040","24,892","6","0","486550K040","4","110128"
"JOINT ASSY UPPER BALL TOYOTA 43310-09015","18,436","","0","4331009015","4","110335"
"LENS & BODY RR COMB TOYOTA 81561-0K270","71,030","","0","815610K270","4","110353"
"MIRROR ASSY OUTER TOYOTA 87940-60372","80,382","","0","8794060372","4","110368"
"PUMP ASSY INJECTION TOYOTA 22100-1C301","1,914,347","","0","221001C301","4","110409"
"HEATER RADIATOR TOYOTA 87107-60220","189,314","","0","8710760220","4","111811"
"VALVE: EXPANSION COOLER TOYOTA 88515-12090","55,208","","0","8851512090","4","112446"
"BEARING ROLLER: TPRD FRONT TOYOTA 90366-35087","39,993","","0","9036635087","4","112477"
"FILTER AIR CONDITIONING TOYOTA 88568-60060","10,270","","0","8856860060","4","113524"
"LOCK ASSY FRONT R/H TOYOTA 69310-60070 ","51,592","","0","9091500000","4","114623"
"KIT SPIDER UNIVERSAL TOYOTA 04371-60210","29,935","","0","437160210","4","115161"
"SWITCH LEVEL TOYOTA 84461-28041","37,026","","0","8446128041","4","116501"
"CARRIER ASSY DIFFERENTIAL FRONT TOYOTA 41110-0K251","929,534","1","0","411100K251/4","4","120136"
"SEAL OIL OUTPUT SHAFT BEARING TOYOTA 90311-48022","5,340","","0","9031148022","4","121238"
"FRONT DISC BRAKE BLEEDER PLUG TOYOTA 47547-60020","1,765","","0","4754760020","4","122234"
"ABSORBER SHOCK ASSY/STEERING TOYOTA 45700-69175","97,221","","0","9091500000","4","301787"
"SHROUD SUB-ASSY FAN TOYOTA 16711-17150","41,052","","0","1671117150","4","312865"
"SEAL WEATHER STRIP REAR DOOR LH 67872-60030 TOYOTA","25,739","1","0","6787260030 TOYOTA","4","424525"
"VALVE KIT SUCTION CONTROL TOYOTA 04226-0L020","77,217","","1","042260L020","4","109705"
"CYLINDER SUB-ASSY BRAKE TOYOTA 47201-0K410","105,966","","1","472010K410","4","110204"
"HORN: ASSY 12V DC TOYOTA 86510-22091","35,105","","1","8651022091","4","112539"
"LOCK ASSY BACK DOOR UPPER TOYOTA 69350-60181 ","35,317","","1","6935060181","4","114637"
"HUB ASSY FREE WHEEL TOYOTA 43530-69065","262,703","","1","4353069065","4","116816"
"PIN STRAIGHT REAR FRONT AXLE HUB RH & LH TOYOTA 90250-10032","537","","1","9025010032","4","116823"
"HOSE FLEXIBLE FRONT NO.1 TOYOTA 90947-02G91","14,367","2","1","9094702G91","4","120425"
"HOSE FLEXIBLE FOR BRAKE TOYOTA 90947-02G94","14,254","","1","9094702G94","4","120427"
"HOSE FLEXIBLE BRAKE TOYOTA 90947-02G96","14,254","","1","9094702G96","4","120429"
"TRIM TOYOTA 64790-60020-E0","32,774","","1","64790-60020E0","4","127083"
"TRIM RH TOYOTA 64780-60050-E0","46,491","","1","64780-60050E0","4","127089"
"ROD CNTRL TOYOTA 69706-90K00-C0","8,405","","1","6970690K00C0","4","127097"
"LIGHT ASSY/BLOCK/HEAD RH FRONT TOYOTA 81130-60C40","217,469","","1","8113060C40","4","200197"
"LIGHT ASSY/BLOCK/HEAD LH FRONT TOYOTA 81170-60C10","217,469","","1","8117060C10","4","200198"
"BEARING TOYOTA 90366-50007","24,044","","1","9036650007","4","202331"
"BEARING TOYOTA 90366-75001","15,215","","1","9036675001","4","202332"
"SEAL OIL TOYOTA 90310-38033","2,444","","1","9031038033","4","306254"
"SEAL OIL TOYOTA 90311-48023","5,340","","1","9031148023","4","308638"
"BLADE WIPER FRONT LH TOYOTA 85222-0K020","16,840","","0","852220K020","4","109579"
"HEADLAMP ASSY LH TOYOTA 81150-36242","95,031","1","0","8115036242","4","110293"
"HEADLAMP ASSY RH TOYOTA 81110-36262","95,031","","0","8111036262","4","110294"
"SEAL TOYOTA 90311-62001","20,145","1","0","9031162001","4","110421"
"MIRROR TOYOTA 87910-60680","72,867","","0","8791060680","4","111079"
"WASHER CONE TOYOTA 42323-60020","1,356","","0","4232360020","4","115726"
"HUB BEARING ASSY REAR AXLE RH TOYOTA 42407-69005","113,806","0","0","4240769005","4","116615"
"STEERING KNUCKLE RH TOYOTA 43211-60111","119,387","","0","4321160111","4","121868"
"HOSE TOYOTA 44411-60670","56,917","","0","4441160670","4","128013"
"CYLINDER ASSY/WHEEL TOYOTA 47730-60110","125,178","0","0","4773060110","4","200168"
"RADIATOR TOYOTA 16400-17400","354,994","","0","1640017400","4","203936"
"PAD KIT FRONT BRAKE DICS TOYOTA 04465-0K360","58,909","","0","044650K360","4","305991"
"REGULATOR SUB-ASSY FRONT DOOR WINDOW RH TOYOTA 69810-60330","47,989","","0","6981060330","4","306225"
"SWITCH ASSY HEADLAMP DIMMER TOYOTA 84140-0K051","37,875","","0","841400K051","4","306246"
"RELAY TOYOTA 90987-04010","23,931","","0","9098704010","4","419964"
"LENS LAMP REAR COMB RH TOYOTA 81551-90K09","44,768","","0","8155190K09","4","106350"
"SENSOR SPEED FR RH TOYOTA 89542-0K060","84,564","","0","895420K060","4","109682"
"BRACKET ASSY CTR TOYOTA 45410-36041","80,298","","0","4541036041","4","110097"
"GLASS SUB-ASSY WINDSHIELD TOYOTA 56101-0K360","237,896","","0","561010K360","4","110288"
"HORN ASSY LOW TOYOTA 86520-36230","20,950","","0","8652036230","4","110298"
"HORN ASSY HIGH TOYOTA 86510-60290","26,488","","0","8651060290","4","110300"
"IDLER SUB-ASSY TOYOTA 13505-67042","39,456","","0","1350567042","4","110319"
"LENS & BODY RR COMB TOYOTA 81551-0K260","71,030","","0","815510K260","4","110351"
"LINK ASSY STEERING TOYOTA 45440-39115","78,503","2","0","4544039115","4","110360"
"SEAL OIL TYPE V TOYOTA 90311-47036","8,731","","0","9031147036","4","110438"
"SENSOR SPEED FR LH TOYOTA 89543-0K060","84,564","","0","895430K060","4","110440"
"TAIL LIGHT ASSY REAR COMBINATION TOYOTA 81551-0K140","53,315","","0","815510K140","4","110491"
"VENTILATOR ASSY BOOST TOYOTA 88910-60150","84,888","","0","8891060150","4","110698"
"TUBE RELEASE CYLINDER TOYOTA 31482-KK030","2,712","","0","31482KK030","4","114358"
"NUT REAR AXLE BEARING LOCK TOYOTA 42427-60021","25,951","0","0","4242760021","4","116616"
"SEAL OIL TOYOTA 90311-48011","5,481","","0","9031148011","4","120551"
"BLADE RH WIPER TOYOTA 85212-42130","11,316","","0","8521242130","4","120788"
"CALIPER ASSY DISC BRAKE LH TOYOTA 47750-0K190","218,797","","0","477500K190","4","121475"
"CYLINDER ASSY CLUTCH RELEASE TOYOTA 31470-60290","28,212","0","0","3147060290","4","122878"
"CABLE ELEC TOYOTA 84306-48030","70,733","","0","8430648030","4","125960"
"TRANSMISSION UNIT ASSY TOYOTA 33030-0KE40 TOYOTA","4,235,505","","0","330300KE40 ","4","128587"
"CARRIER DIFFERENTIAL ASSY FRONT TOYOTA 41110-0KA50","929,534","0","0","411100KA50","4","128723"
"CARRIER ASSY FRONT DIFFERNTIAL TOYOTA 41110-0KA60","929,534","1","0","411100KA60","4","128724"
"DISC BRAKE ASSY FRONT TOYOTA 47750-60280","207,227","3","0","4775060280","4","128765"
"DISC BRAKE ASSY FRONT TOYOTA 47730-60280","207,227","3","0","4773060280","4","128769"
"CARRIER ASSY/DIF AR HZJ 78 / HZJ 79;REAR TOYOTA 41110-60A31","1,160,650","","0","4111060A31","4","128938"
"SWITCH BACK DOOR OPENER TOYOTA 84840-28040","27,774","","0","8484028040","4","129986"
"CYLINDER ASSY/CLUTCH/MASTER TOYOTA 31420-60050","38,976","","0","3142060050","4","200144"
"SHOE BRAKE PARKING TOYOTA 47062-60020","22,773","","0","4706260020","4","203926"
"BLADE WIPER LEFT/FRONT TOYOTA 85222-71010","20,159","","0","9091510000","4","301201"
"LINK ASSY WINDSHIELD WIPER TOYOTA 85150-60141","71,892","","0","8515060141","4","418639"
"PULLEY CRANKSHAFT TOYOTA 13408-17010","96,147","","0","1340817010","4","419763"
"BRAKE KIT FRONT TOYOTA 04465-36020","72,216","","0","0446536020","4","109589"
"COMPRESSOR ASSY TOYOTA 88320-6A260","433,384","1","0","883206A260","4","109604"
"MAGNET CLUTCH ASSY TOYOTA 88410-6A050","209,515","","0","884106A050","4","109605"
"SWITCH ASSY STOP LA TOYOTA 84340-09041","10,114","","0","8434009041","4","109712"
"GLASS WINDSHIELD TOYOTA 56111-60A90","179,482","","0","5611160A90","4","109902"
"ARM ASSY TOYOTA 48630-60030","159,945","1","0","4863060030","4","110041"
"ARM SUB-ASSY SUSPENSION TOYOTA 48068-0K090","215,986","","0","480680K090","4","110055"
"CYLINDER KIT CLUTCH TOYOTA 04313-28020","10,440","","0","0431328020","4","110194"
"END SUB-ASSY STEERING TOYOTA 45503-09321","54,247","3","0","4550309321","4","110231"
"FITTING KIT DISC BRAKE TOYOTA 04947-60090","8,207","","0","0494760090","4","110240"
"SEAL OIL TYPE T TOYOTA 90311-78001","17,856","","0","9031178001","4","110431"
"SEAL SUB-ASSY TOYOTA 43204-60032","17,136","2","0","4320460032","4","110434"
"SPIDER KIT REAR PROPELL TOYOTA 04371-0K120","26,559","3","0","043710K120","4","110455"
"STARTER ASSY TOYOTA 28100-17091","307,952","1","0","2810017091","4","110463"
"CARRIER ASSY DIFFERENTIAL FRONT TOYOTA 41110-6A321","1,371,451","","0","411106A321","4","111729"
"CYLINDER SUB ASSY TOYOTA 47201-60A00","105,966","","0","4720160A00","4","113644"
"HANDLE DOOR ASSY BACK INSIDE TOYOTA 69206-10050-B0","6,738","","0","69206-10050B0","4","114257"
"CABLE ASSY TOYOTA 53630-0K190","9,889","","0","536300K190","4","114360"
"LOCK ASSY FRONT R/H TOYOTA 69330-60031","46,153","","0","6933060031","4","114627"
"LINK FRONT DOOR LOCK R/H TOYOTA 69711-90K00","2,981","","0","6971190K00","4","114632"
"LINK FRONT DOOR LOCK L/H TOYOTA 69712-90K00","2,981","","0","6971290K00","4","114633"
"LOCK ASSY BACK DOOR CENTRE TOYOTA 69350-60080","65,634","","0","6935060080","4","114639"
"PUMP INJECTOR TOYOTA 22100-1C190 ","1,914,347","0","0","221001C190","4","114842"
"DUCT SUB ASSY AIR INTAKE TOYOTA 53207-36090","50,956","","0","5320736090","4","116022"
"BAR STABLIZER/FRONT TOYOTA 48804-60110","108,480","","0","4880460110","4","116210"
"ROD ASSY TIE TOYOTA 45460-69255","112,323","1","0","4546069255","4","116560"
"SEAL OIL TRANSFER CASE TOYOTA 90316-48003","5,072","","0","9031648003","4","121237"
"KNUCKLE ARM STEERING TOYOTA 45611-60110","57,327","","0","4561160110","4","121341"
"SHOE KIT REAR BRAKE TOYOTA 04495-60080","67,032","6","0","0449560080","4","121436"
"BUTTON ASSY-HORN TOYOTA 45130-36090","24,567","","0","4513036090","4","122229"
"PLATE SUB-ASSY HORN BUTTON CONTACT N.1 TOYOTA 45105-36010","7,431","","0","4510536010","4","122230"
"STEERING WHEEL SET NUT TOYOTA 90179-12071","707","","0","9017912071","4","122232"
"VEHICLE DIF TOYOTA CARRIER FRONT TOYOTA 41101-0K030","289,530","","0","411010K030","4","124073"
"SENSOR SPEEDOMETER VEHICLE TOYOTA 83181-20040","107,421","2","0","8318120040","4","124596"
"CYLINDER LOCK TOYOTA 69005-0K600","119,923","","0","690050K600","4","125050"
"RECEIVER ELECTRONIC DOOR LOCK TOYOTA 89741-0K032","216,975","","0","897410K032","4","125051"
"RELAY FLASHER 24V TOYOTA 81980-36142","26,700","","0","8198036142","4","126131"
"FAN CLNG TOYOTA 16361-17040","68,190","","0","1636117040","4","126208"
"PULLEY CENTRED TOYOTA 13407-17010","79,125","1","0","1340717010","4","126231"
"STEERING ASSEMBLY RACK TOYOTA 44200-0K390","694,929","","0","442000K390","4","126802"
"PUMP ASSEMBLY ROTARY VANE TOYOTA 44310-0K040","287,157","0","0","443100K040","4","301801"
"FILTER AIR CONDITIONER TOYOTA 88568-60070","5,424","","0","8856860070","4","106343"
"DISC FRONT TOYOTA 43512-60180","100,075","","0","4351260180","4","106373"
"DISC REAR TOYOTA 42431-60290","115,360","3","0","4243160290","4","106374"
"BOLT HUB RH TOYOTA 90942-02071","904","","0","9094202071","4","109524"
"BOLT HUB LH TOYOTA 90942-02072","3,532","","0","9094202072","4","109525"
"NUT HUB FRONT RH TOYOTA 90942-01107","3,913","","0","9094201107","4","109526"
"NUT HUB FRONT LH TOYOTA 90942-01108","3,913","","0","9094201108","4","109527"
"BOLT DOUBLE WHEEL STOP RH TOYOTA 42631-55031","6,032","","0","4263155031","4","109528"
"BOLT DOUBLE WHEEL STOP LH TOYOTA 42632-55030","7,091","","0","4263255030","4","109529"
"NUT HUB REAR RH TOYOTA 42633-55030","3,503","","0","4263355030","4","109530"
"NUT HUB REAR LH TOYOTA 42634-55030","3,503","","0","4263455030","4","109531"
"BELT ALTERNATOR TOYOTA 99369-K2250","71,962","","0","99369K2250","4","109562"
"CASE FILTER FUEL TOYOTA 23382-51031","21,177","","0","2338251031","4","109564"
"BRAKE SHIM KIT FRONT TOYOTA 04945-60080","21,388","","0","0494560080","4","109566"
"BRAKE SHIM KIT REAR TOYOTA 04946-60120","9,154","5","0","0494660120","4","109567"
"BLADE WIPER REAR TOYOTA 85242-42030","7,798","","0","8524242030","4","109570"
"FILTER FUEL ASSY TOYOTA 23300-0L042","48,258","","0","233000L042","4","109573"
"SHIM BRAKE KIT TOYOTA 04945-0K240","17,672","","0","049450K240","4","109577"
"FILTER AIR CONDITIONER TOYOTA 88568-36011","13,081","","0","8856836011","4","109586"
"BELT V-RIBBED AIR CONDITIONER TOYOTA 90916-02589","37,393","","0","9091602589","4","109587"
"BRAKE KIT REAR TOYOTA 04494-36300","92,588","","0","0449436300","4","109590"
"BLADE WIPER FRONT RH TOYOTA 85212-36030","16,840","","0","8521236030","4","109591"
"BLADE WIPER FRONT LH TOYOTA 85222-36041","16,840","","0","8522236041","4","109592"
"BLADE WIPER REAR TOYOTA 85142-60050","10,397","","0","8514260050","4","109593"
"SHIM BRAKE KIT TOYOTA 04945-60030","33,085","","0","0494560030","4","109598"
"SENSOR SPEED RR RH TOYOTA 89545-0K240","84,564","","0","895450K240","4","109683"
"SENSOR SPEED RR RH TOYOTA 89545-0K240","84,564","","0","895450K240","4","109684"
"SENSOR SPEED RR LH TOYOTA 89546-0K240","84,564","","0","895460K240","4","109685"
"SENSOR ASSY TOYOTA 89440-71040","61,918","","0","8944071040","4","109686"
"FUSE LINK TOYOTA 90982-08286","5,128","","0","9098208286","4","109687"
"RELAY ASSY GLOW TOYOTA 28610-27010","22,773","1","0","2861027010","4","109688"
"RELAY ASSY STARTER TOYOTA 28300-30050","22,660","","0","2830030050","4","109689"
"RELAY TOYOTA 90987-T2002","24,044","","0","90987T2002","4","109690"
"RELAY MINI POWER TOYOTA 90987-T2003","24,044","","0","90987T2003","4","109691"
"RELAY MINI POWER TOYOTA 90987-T2001","31,389","","0","90987T2001","4","109692"
"FUSE LINK TOYOTA 90982-08294","4,196","","0","9098208294","4","109693"
"FUSE LINK TOYOTA 90982-08295","4,196","","0","9098208295","4","109694"
"FUSE LINK TOYOTA 90982-08296","4,196","","0","9098208296","4","109695"
"FUSE LINK TOYOTA 90982-08299","4,196","","0","9098208299","4","109696"
"FUSE LINK TOYOTA 90982-08300","4,196","","0","9098208300","4","109697"
"FUSE LINK TOYOTA 90982-08301","4,196","","0","9098208301","4","109698"
"FUSE LINK TOYOTA 90982-08302","4,196","","0","9098208302","4","109699"
"FUSE LINK TOYOTA 90982-08303","4,196","","0","9098208303","4","109700"
"FUSE LINK TOYOTA 90982-08305","4,196","","0","9098208305","4","109701"
"FUSE LINK TOYOTA 90982-08307","4,196","","0","9098208307","4","109702"
"FUSE LINK TOYOTA 90982-08308","4,196","","0","9098208308","4","109703"
"RELAY TOYOTA 90987-02027","24,892","","0","9098702027","4","109704"
"SENSOR TURBO TOYOTA 89421-71030","86,993","","0","8942171030","4","109706"
"SENSOR WATER TOYOTA 89422-33030","22,335","","0","8942233030","4","109707"
"SENSOR INLET AIR TOYOTA 89424-12010","28,183","","0","8942412010","4","109708"
"SENSOR FUEL TOYOTA 89454-20010","22,660","","0","8945420010","4","109709"
"DRIVER INJECTOR TOYOTA 89871-25010","169,113","","0","8987125010","4","109710"
"SWITCH ASSY OIL TOYOTA 83530-28010","11,824","","0","8353028010","4","109711"
"SWITCH ASSY CLUTCH TOYOTA 84520-42010","16,175","","0","8452042010","4","109713"
"SEAL OIL HUB LH FRONT AXLE TOYOTA 90311-68002","8,787","","0","9031168002","4","109865"
"BEARING HUB INNER LH FRONT AXLE TOYOTA 90366-50069","35,317","","0","9036650069","4","109866"
"BEARING HUB OUTER LH FRONT AXLE TOYOTA 90366-35105","24,044","","0","9036635105","4","109867"
"SPACER STEERING KNUCKLE TOYOTA 43226-37020","6,371","3","0","4322637020","4","109868"
"NUT SHAFT FRONT AXLE TOYOTA 90178-28001","1,116","","0","9017828001","4","109869"
"WASHER HUB FRONT AXLE TOYOTA 90214-29001","1,596","","0","9021429001","4","109870"
"CAP HUB FRONT AXLE TOYOTA 43514-37050","4,563","3","0","4351437050","4","109871"
"ROTOR SKID CONTROL FRONT TOYOTA 43515-37010","6,075","","0","4351537010","4","109872"
"KNUCKLE STEERING LH TOYOTA 43212-36905","153,008","","0","4321236905","4","109873"
"STRIP WEATHER WINDSHIELD TOYOTA 56121-60140","27,971","4","0","5612160140","4","109904"
"ABSORBER SHOCK FR TOYOTA 48511-80093","28,734","","0","4851180093","4","110022"
"ABSORBER SHOCK RR TOYOTA 48531-80581","31,475","1","0","4853180581","4","110023"
"ABSORBER SHOCK RR TOYOTA 48541-09110","31,376","","0","4854109110","4","110024"
"ABSORBER ASSY SHOCK TOYOTA 48510-69365","120,361","","0","4851069365","4","110025"
"ABSORBER ASSY SHOCK TOYOTA 48531-09550","31,573","0","0","4853109550","4","110028"
"ABSORBER SET SHOCK TOYOTA 48510-8Z205","106,657","0","0","485108Z205","4","110029"
"ABSORBER SET SHOCK TOYOTA 48531-8Z006","31,475","2","0","485318Z006","4","110032"
"ABSORBER SET SHOCK TOYOTA 48541-09290","31,475","","0","4854109290","4","110033"
"ACTUATOR ASSY BRAKE TOYOTA 44510-36040","598,782","","0","4451036040","4","110034"
"ALTERNATOR ASSY TOYOTA 27060-17240","357,579","","0","2706017240","4","110037"
"ALTERNATOR ASSY TOYOTA 27060-51010","369,489","","0","2706051010","4","110038"
"ARM ASSY TOYOTA 48610-60060","159,945","1","0","4861060060","4","110040"
"ARM ASSY LOWER TOYOTA 48720-60070","69,250","","0","4872060070","4","110042"
"ARM ASSY STEERING TOYOTA 45490-39435","97,956","","0","4549039435","4","110043"
"ARM ASSY UPPER TOYOTA 48710-60150","50,744","4","0","4871060150","4","110046"
"ARM SUB-ASSY TOYOTA 48068-60030","236,173","0","0","4806860030","4","110047"
"ARM SUB-ASSY TOYOTA 48069-60030","236,173","1","0","4806960030","4","110048"
"ARM SUB-ASSY TOYOTA 48601-39025","263,565","","0","4860139025","4","110049"
"ARM SUB-ASSY TOYOTA 48602-39025","263,565","","0","4860239025","4","110050"
"ARM SUB-ASSY TOYOTA 48605-39015","139,291","0","0","4860539015","4","110051"
"ARM SUB-ASSY TOYOTA 48606-39015","139,291","1","0","4860639015","4","110052"
"ARM SUB-ASSY TOYOTA 48607-36010","126,576","2","0","4860736010","4","110053"
"ARM SUB-ASSY SUSPENSION TOYOTA 48069-0K090","215,986","1","0","480690K090","4","110057"
"BEARING RADIAL BALL TOYOTA 90363-12010","4,944","","0","9036312010","4","110059"
"BEARING RADIAL BALL TOYOTA 90363-15017","13,731","","0","9036315017","4","110060"
"BEARING TAPERED ROLLER TOYOTA 90366-55054","44,259","","0","9036655054","4","110061"
"BEARING TAPERED ROLLER TOYOTA 90366-60012","21,600","","0","9036660012","4","110062"
"BEARING TAPERED ROLLER TOYOTA 90366-T0044","26,177","","0","90366T0044","4","110063"
"BEARING TAPERED ROLLER TOYOTA 90366-T0060","61,057","","0","90366T0060","4","110064"
"BEARING ASSY CLUTCH TOYOTA 31230-36200","48,582","","0","3123036200","4","110066"
"BEARING ASSY CTR TOYOTA 37230-35130","79,887","","0","3723035130","4","110070"
"BEARING ASSY FR TOYOTA 43570-60031","65,534","4","0","4357060031","4","110071"
"BEARING ASSY RR TOYOTA 42450-60070","125,503","","0","4245060070","4","110072"
"BEARING ASSY RR TOYOTA 42460-60030","125,503","","0","4246060030","4","110073"
"BEARING ASSY CTR TOYOTA 37230-36141","56,056","","0","3723036141","4","110074"
"BEARING BALL 12 32 TOYOTA 90363-12002","3,122","","0","9036312002","4","110075"
"BEARING SET PROPELL TOYOTA 37230-09030","82,755","0","0","3723009030","4","110076"
"BEARING RTP 45 TOYOTA 903684508783","24,665","","0","9036845087","4","110077"
"BEARING RTP 50 82 K TOYOTA 903684908483","30,189","","0","9036849084","4","110078"
"BELT VEE RIBBED TOYOTA 90916-02679","29,158","","0","9091602679","4","110081"
"BLADE FR WIPER LH TOYOTA 85222-42120","27,237","","0","8522242120","4","110082"
"BLADE FR WIPER RH TOYOTA 85212-52220","9,380","","0","8521252220","4","110083"
"BOLT TOYOTA 42632-55031","6,032","0","0","4263255031","4","110084"
"BOOT STEERING RACK TOYOTA 45535-0K010","7,091","2","0","455350K010","4","110088"
"BOOT STEERING RACK TOYOTA 45536-0K010","7,091","3","0","455360K010","4","110089"
"BOOT KIT FR DRIVE TOYOTA 04427-60090","63,698","","0","0442760090","4","110090"
"BOOT KIT FR DRIVE TOYOTA 04427-0K060","59,644","","0","044270K060","4","110091"
"BOOT KIT FR DRIVE TOYOTA 04427-12682","59,644","","0","0442712682","4","110092"
"BOOT SET STEERING RACK TOYOTA 45535-09390","9,367","","0","4553509390","4","110094"
"BOOT STEERING RACK TOYOTA 45535-60021","9,367","","0","4553560021","4","110095"
"BRACKET ASSY IDLER TOYOTA 45070-36030","53,711","","0","4507036030","4","110096"
"BULB TOYOTA 90981-16014","2,487","","0","9098116014","4","110098"
"BULB 24V 5W TOYOTA 90981-12015","1,611","","0","9098112015","4","110101"
"BUMPER SUB-ASSY FR TOYOTA 48304-0K040","11,598","","0","483040K040","4","110102"
"BUMPER SUB-ASSY RR TOYOTA 48306-0K010","10,638","","0","483060K010","4","110103"
"BUMPER SUB-ASSY RR TOYOTA 48306-0K040","12,870","","0","483060K040","4","110104"
"BUMPER SUB-ASSY RR TOYOTA 48306-36090","19,057","","0","4830636090","4","110105"
"BUMPER SUB-ASSY RR TOYOTA 48306-60170","23,507","","0","4830660170","4","110106"
"BUMPER SUB-ASSY FR TOYOTA 48304-36170","24,892","","0","4830436170","4","110107"
"BUSH TOYOTA 48815-28010","3,503","","0","4881528010","4","110110"
"BUSH TOYOTA 90385-19006","1,483","2","0","9038519006","4","110114"
"BUSH TOYOTA 90385-19007","989","","0","9038519007","4","110115"
"BUSH TOYOTA 90385-T0009","1,568","","0","90385T0009","4","110116"
"BUSH TOYOTA 90385-T0010","1,271","","0","90385T0010","4","110117"
"BUSH TOYOTA 90385-T0019","650","2","0","90385T0019","4","110120"
"BUSH TOYOTA 90389-16015","9,903","","0","9038916015","4","110121"
"BUSH TOYOTA 90389-16018","12,771","4","0","9038916018","4","110122"
"BUSH TOYOTA 90389-T0005","8,307","2","0","90389T0005","4","110123"
"BUSH TOYOTA 90389-T0009","6,413","2","0","90389T0009","4","110124"
"BUSH LOWER ARM TOYOTA 48654-0K080","18,930","4","0","486540K080","4","110126"
"BUSH LOWER ARM TOYOTA 48654-60040","27,336","2","0","4865460040","4","110127"
"BUSH LOWER ARM NO.2 TOYOTA 48655-0K080","32,125","2","0","486550K080","4","110129"
"BUSH LOWER ARM NO.2 TOYOTA 48655-36010","19,792","","0","4865536010","4","110130"
"BUSH LOWER ARM NO.2 TOYOTA 48655-60040","38,284","3","0","4865560040","4","110131"
"BUSH STABILIZER TOYOTA 48815-0K010","5,891","2","0","488150K010","4","110132"
"BUSH STABILIZER TOYOTA 48815-0K090","7,502","6","0","488150K090","4","110133"
"BUSH STABILIZER TOYOTA 48815-60241","5,919","6","0","4881560241","4","110135"
"BUSH STABILIZER TOYOTA 48815-60250","6,498","6","0","4881560250","4","110136"
"BUSH STABILIZER TOYOTA 48849-60010","4,224","","0","4884960010","4","110137"
"BUSH STABILIZER TOYOTA 48849-60110","4,224","","0","4884960110","4","110138"
"BUSH UPPER ARM TOYOTA 48632-0K040","12,559","6","0","486320K040","4","110139"
"BUSH UPPER ARM TOYOTA 48632-60030","13,929","6","0","4863260030","4","110140"
"BUSH STABILIZER TOYOTA 48815-02230","4,224","","0","4881502230","4","110142"
"BUSH SUB-ASSY TOYOTA 48702-60050","23,578","","0","4870260050","4","110143"
"BUSH SUB-ASSY LOWER TOYOTA 48061-36020","27,661","","0","4806136020","4","110145"
"BUSH UPPER ARM TOYOTA 48632-0K070","14,155","","0","486320K070","4","110147"
"CAP TOYOTA 12180-55010","5,735","","0","1218055010","4","110148"
"CAP RESERVE TANK TOYOTA 16475-51010","11,287","","0","1647551010","4","110149"
"CAP ASSY FUEL TANK TOYOTA 77300-52030","12,771","","0","7730052030","4","110150"
"CAP ASSY OIL FILLER TOYOTA 12180-38010","5,679","","0","1218038010","4","110151"
"CAP ASSY FUEL TANK TOYOTA 77300-12030","13,619","","0","7730012030","4","110152"
"CAP ASSY FUEL TANK TOYOTA 77300-20020","13,406","","0","7730020020","4","110153"
"CAPP SUB-ASSY RADIATOR TOYOTA 16401-30013","8,547","","0","1640130013","4","110154"
"CAPP SUB-ASSY TOYOTA 16401-67150","8,547","","0","1640167150","4","110155"
"CAP SUB-ASSY TOYOTA 16405-17030","3,955","","0","1640517030","4","110156"
"CLUTCH ASSY MAGNET TOYOTA 88410-36510","219,093","","0","8841036510","4","110158"
"CLUTCH ASSY MAGNET TOYOTA 88410-6A100","232,924","","0","884106A100","4","110159"
"COIL IGNITION TOYOTA 90919-02258","47,325","","0","9091902258","4","110161"
"COMPRESSOR ASSY TOYOTA 88320-0K341","411,487","","0","883200K341","4","110162"
"COMPRESSOR ASSY TOYOTA 88320-36530","1,805,711","","0","8832036530","4","110164"
"COMPRESSOR ASSY TOYOTA 88320-6A330","488,084","","0","883206A330","4","110165"
"CONDESER ASSY TOYOTA 88340-36070","221,905","","0","8834036070","4","110166"
"CONDESER ASSY TOYOTA 88460-0K010","363,018","","0","884600K010","4","110167"
"CONDENSER ASSY TOYOTA 88460-0K360","363,018","","0","884600K360","4","110168"
"CONDESER ASSY TOYOTA 88460-60410","363,018","","0","8846060410","4","110169"
"COUPLING ASSY FLUID TOYOTA 16210-30031","132,637","","0","1621030031","4","110170"
"COVER KNUCKLE TOYOTA 45619-26020","1,018","","0","4561926020","4","110171"
"COVER ASSY CLUTCH TOYOTA 31210-36340","142,512","","0","3121036340","4","110174"
"COVER UPPER BALL JOINT TOYOTA 43324-69085","3,645","","0","4332469085","4","110176"
"CUSHION TOYOTA 48817-30010","1,130","13","0","4881730010","4","110177"
"CUSHION TOYOTA 90948-01004","1,765","","0","9094801004","4","110178"
"CUSHION SHOCK ABSORBER TOYOTA 90948-01056","2,161","","0","9094801056","4","110179"
"CUSHION SHOCK ABSORBER TOYOTA 90948-T1013","2,105","","0","90948T1013","4","110180"
"CUSHION STABILIZER TOYOTA 48817-60020","2,472","10","0","4881760020","4","110181"
"CYLINDER ASSY MASTER TOYOTA 31420-0K013","35,472","","0","314200K013","4","110184"
"CYLINDER ASSY WHEEL TOYOTA 47550-09070","19,834","","0","4755009070","4","110185"
"CYLINDER ASSY WHEEL TOYOTA 47550-37112","26,290","","0","4755037112","4","110186"
"CYLINDER ASSY WHEEL TOYOTA 47560-37082","26,290","","0","4756037082","4","110187"
"CYLINDER ASSY WHEEL TOYOTA 47570-37072","26,290","","0","4757037072","4","110188"
"CYLINDER ASSY WHEEL TOYOTA 47580-37072","26,290","","0","4758037072","4","110189"
"CYLINDER KIT TOYOTA 04479-36020","31,827","","0","0447936020","4","110191"
"CYLINDER KIT CLUTCH TOYOTA 04311-26050","12,022","","0","0431126050","4","110192"
"CYLINDER KIT CLUTCH TOYOTA 04313-0K040","9,521","","0","043130K040","4","110193"
"CYLINDER KIT CLUTCH TOYOTA 04313-36180","9,521","","0","0431336180","4","110195"
"CYLINDER KIT DISC TOYOTA 04479-60070","27,675","","0","0447960070","4","110196"
"CYLINDER KIT FR TOYOTA 04478-60070","12,446","","0","0447860070","4","110197"
"CYLINDER KIT FR DISC TOYOTA 04478-0K190","27,943","","0","044780K190","4","110198"
"CYLINDER KIT RR TOYOTA 04479-60270","12,799","","0","0447960270","4","110199"
"CYLINDER KIT CLUTCH TOYOTA 04313-0K070","9,465","","0","043130K070","4","110201"
"CYLINDER SUB-ASSY TOYOTA 47207-37060","175,809","","0","4720737060","4","110202"
"CYLINDER SUB-ASSY BRAKE TOYOTA 47201-0K040","105,966","","0","472010K040","4","110203"
"DAMPER ASSY STEERING TOYOTA 45700-69135","70,409","","0","4570069135","4","110205"
"DEFLECTOR BRAKE DRUM TOYOTA 42441-0K041","7,120","","0","424410K041","4","110206"
"DEFLECTOR BRAKE DRUM TOYOTA 42441-KK010","7,473","","0","42441KK010","4","110207"
"DISC FR TOYOTA 43512-36182","99,933","1","0","4351236182","4","110209"
"DISC ASSY CLUTCH TOYOTA 31250-36622","134,290","4","0","3125036622","4","110212"
"DISC ASSY CLUTCH TOYOTA 31250-0K321","106,983","0","0","312500K321","4","110214"
"DISC FR TOYOTA 43512-12710","91,557","","0","4351212710","4","110216"
"DRYER COOLER TOYOTA 88474-12020","29,893","","0","8847412020","4","110220"
"DRYER COOLER TOYOTA 88474-17010","32,436","","0","8847417010","4","110221"
"FILTER ELEMENT KIT OIL TOYOTA 04152-37010","7,657","","0","04152YZZA6","4","110222"
"FILTER ELEMENT SUB-ASSY AIR TOYOTA 17801-0D060","13,929","","0","178010D060","4","110223"
"ELEMENT AIR REFINER TOYOTA 87139-YZZ16","16,840","","0","87139YZZ16","4","110224"
"END SET TIE ROD TOYOTA 45046-69236","23,549","0","0","4504669236","4","110225"
"END SET TIE ROD TOYOTA 45047-69146","23,549","","0","4504769146","4","110226"
"END SUB-ASSY TIE ROD TOYOTA 45046-19435","23,549","","0","4504619435","4","110227"
"END SUB-ASSY TOYOTA 45503-60030","92,757","3","0","4550360030","4","110230"
"END SUB-ASSY TIE ROD TOYOTA 45047-39165","32,704","","0","4504739165","4","110233"
"EVAPORATOR SUB-ASSY TOYOTA 88501-0K091","308,418","","0","88501-0K091","4","110237"
"FITTING KIT TOYOTA 04947-42050","19,255","","0","0494742050","4","110239"
"FITTING KIT DISC BRAKE TOYOTA 04947-0K100","2,501","","0","049470K100","4","110241"
"FUSE MINI TOYOTA 90982-09008","438","","0","9098209008","4","110242"
"FUSE MINI TOYOTA 90982-09009","438","","0","9098209009","4","110243"
"FUSE MINI TOYOTA 90982-09010","438","","0","9098209010","4","110244"
"FUSE MINI TOYOTA 90982-09011","438","","0","9098209011","4","110245"
"FUSIBLE LINK TOYOTA 90982-08280","1,921","","0","9098208280","4","110246"
"GASKET TOYOTA 111151701001","61,381","","0","1111517010-01","4","110247"
"GASKET TOYOTA 42443-55020","551","","0","4244355020","4","110248"
"GASKET TOYOTA 42444-35050","396","3","0","4244435050","4","110249"
"GASKET TOYOTA 90430-12031","396","","0","9043012031","4","110250"
"GASKET TOYOTA 90430-18008","424","","0","9043018008","4","110251"
"GASKET TOYOTA 90430-24003","466","","0","9043024003","4","110252"
"GASKET TOYOTA 90430-T0021","424","","0","90430T0021","4","110253"
"GASKET TOYOTA 90430-T0025","523","","0","90430T0025","4","110254"
"GASKET TOYOTA 90904-30013","2,374","","0","9090430013","4","110255"
"GASKET BRAKE DRUM TOYOTA 42443-60010","820","","0","4244360010","4","110256"
"GASKET CYLINDER TOYOTA 11115-51030-B0","26,672","","0","11115-51030B0","4","110257"
"GASKET CYLINDER TOYOTA 11115-51030-C0","26,672","","0","11115-51030C0","4","110258"
"GASKET CYLINDER TOYOTA 11115-51030-D0","26,672","","0","11115-51030D0","4","110259"
"GASKET CYLINDER TOYOTA 11116-51030-B0","26,672","","0","11116-51030B0","4","110260"
"GASKET CYLINDER TOYOTA 11116-51030-C0","26,672","","0","11116-51030C0","4","110261"
"GASKET CYLINDER TOYOTA 11116-51030-D0","26,672","","0","11116-51030D0","4","110262"
"GASKET CYLINDER TOYOTA 11213-17010","5,128","","0","1121317010","4","110263"
"GASKET CYLINDER TOYOTA 11213-51020","4,012","","0","1121351020","4","110264"
"GASKET CYLINDER TOYOTA 11214-51010","4,012","","0","1121451010","4","110265"
"GASKET THERMOSTAT TOYOTA 16346-66020","1,582","","0","1634666020","4","110266"
"GASKET THERMOSTAT TOYOTA 16346-67010","1,498","","0","1634667010","4","110267"
"GASKET TRANSMISSION TOYOTA 35168-34020","15,102","","0","3516834020","4","110268"
"GASKET CYLINDER TOYOTA 111151701003","61,381","","0","1111517010-03","4","110269"
"GASKET CYLINDER TOYOTA 111151701005","61,381","","0","1111517010-05","4","110270"
"GASKET CYLINDER TOYOTA 1111530041A0","32,520","","0","1111530041A0","4","110271"
"GASKET CYLINDER TOYOTA 1111530041B0","32,520","","0","1111530041B0","4","110272"
"GASKET CYLINDER TOYOTA 1111530041C0","32,520","","0","1111530041C0","4","110273"
"GASKET CYLINDER TOYOTA 1111530041D0","32,520","","0"," 1111530041D0","4","110274"
"GASKET CYLINDER TOYOTA 1111530041EO","32,520","","0"," 1111530041EO","4","110275"
"GASKET CYLINDER TOYOTA 11213-30040","4,563","","0","1121330040","4","110276"
"GASKET CYLINDER TOYOTA 11213-37021","4,535","","0","1121337021","4","110277"
"GASKET KIT ENGINE TOYOTA 04111-17140","110,500","","0","0411117140","4","110278"
"GASKET KIT ENGINE TOYOTA 04111-51034","163,631","","0","0411151034","4","110279"
"GASKET KIT POWER TOYOTA 04445-37040","74,250","","0","0444537040","4","110280"
"GASKET KIT ENGINE TOYOTA 04111-17110","137,059","","0","0411117110","4","110281"
"GASKET KIT ENGINE TOYOTA 04111-30694","110,500","","0","0411130694","4","110282"
"GASKET KIT ENGINE OVERHAUL TOYOTA 04111-0L093","110,500","","0","041110L093","4","110283"
"GASKET NOZZLE HOLDER TOYOTA 23682-30020","2,203","","0","2368230020","4","110284"
"GASKET SPARK PLUG TOYOTA 11193-37020","1,074","","0","1119337020","4","110286"
"GLASS SUB-ASSY WINDSHIELD TOYOTA 56101-0K031","191,334","","0","561010K031","4","110287"
"GLASS SUB-ASSY TOYOTA 56101-60950","279,373","","0","5610160950","4","110289"
"GLASS WINDSHIELD TOYOTA 56111-36100","1,058,201","","0","5611136100","4","110290"
"LIGHT BULB KIT H7 TYPE 3 TOYOTA 90981-YZZD3","23,762","","0","90981YZZD3","4","110292"
"HORN ASSY HIGH TOYOTA 86510-33210","20,950","","0","8651033210","4","110295"
"HORN ASSY LOW TOYOTA 86520-12690","20,950","","0","8652012690","4","110296"
"HORN ASSY LOW TOYOTA 86520-33150","20,950","0","0","8652033150","4","110297"
"HORN ASSY LOW TOYOTA 86520-60240","26,488","","0","8652060240","4","110301"
"HOSE RADIATOR NO.1 TOYOTA 16571-17020","7,798","1","0","1657117020","4","110302"
"HOSE RADIATOR NO.1 TOYOTA 16571-17071","9,705","","0","1657117071","4","110303"
"HOSE RADIATOR NO.1 TOYOTA 16571-51030","7,756","","0","1657151030","4","110304"
"HOSE RADIATOR NO.2 TOYOTA 16572-17101","9,705","","0","1657217101","4","110305"
"HOSE RADIATOR NO.2 TOYOTA 16572-17150","9,691","1","0","1657217150","4","110306"
"HOSE RADIATOR NO.2 TOYOTA 16572-51030","10,708","","0","1657251030","4","110307"
"HOSE RADIATOR NO.3 TOYOTA 16573-17020","3,772","","0","1657317020","4","110308"
"HOSE SUB-RADIATOR TOYOTA 16551-17021","14,791","","0","1655117021","4","110309"
"HOSE SUB-RADIATOR TOYOTA 16552-17011","8,038","","0","1655217011","4","110310"
"HOSE SUB-RADIATOR TOYOTA 16553-17010","4,803","","0","1655317010","4","110311"
"HOSE SUB-RADIATOR TOYOTA 16554-17020","8,207","","0","1655417020","4","110312"
"HOSE RESERVE TANK TOYOTA 16567-17020","5,566","","0","1656717020","4","110313"
"HOSE RADIATOR NO.1 TOYOTA 16571-0L030","7,233","","0","165710L030","4","110314"
"HOSE RADIATOR NO.2 TOYOTA 16572-0L030","7,233","","0","165720L030","4","110315"
"HOSE RADIATOR INLET TOYOTA 16571-0L130","7,699","","0","165710L130","4","110316"
"HOSE RADIATOR OUTLET TOYOTA 16572-0L130","7,699","","0","165720L130","4","110317"
"IDLER SUB-ASSY TOYOTA 13505-17020","52,326","3","0","1350517020","4","110318"
"INJECTOR ASSY TOYOTA 23670-09380","322,121","0","0","2367009380","4","110320"
"INJECTOR ASSY TOYOTA 23670-59037","322,121","","0","2367059037","4","110321"
"INJECTOR SET FUEL TOYOTA 23209-39146","88,251","","0","2320939146","4","110322"
"INSULATOR ENGINE TOYOTA 12361-17034","32,195","","0","1236117034","4","110323"
"INSULATOR ENGINE TOYOTA 12361-30080","24,298","","0","1236130080","4","110325"
"INSULATOR ENGINE TOYOTA 12361-51030","68,063","","0","1236151030","4","110326"
"INSULATOR ENGINE TOYOTA 12362-51010","52,270","","0","1236251010","4","110327"
"INSULATOR ENGINE TOYOTA 12371-17070","19,566","","0","1237117070","4","110328"
"INSULATOR ENGINE TOYOTA 12371-17080","44,712","","0","1237117080","4","110329"
"INSULATOR ENGINE TOYOTA 12371-51070","52,270","","0","1237151070","4","110330"
"INSULATOR ENGINE MOUNT TOYOTA 12371-0L081","44,712","","0","123710L081","4","110332"
"JOINT ASSY UPPER BALL TOYOTA 43350-39095","36,603","","0","4335039095","4","110336"
"LIGHT BULB KIT HB3 TOYOTA 90981-YZZH1","28,819","","0","90981YZZH1","4","110337"
"LAMP ASSY LICENSE TOYOTA 81270-60161","8,575","","0","8127060161","4","110338"
"LAMP ASSY SIDE TURN TOYOTA 81730-0K030","9,762","","0","817300K030","4","110341"
"LAMP ASSY SIDE TURN TOYOTA 81730-0D121","9,762","","0","817300D121","4","110342"
"LENS LICENSE PLATE TOYOTA 81271-04040","2,487","","0","8127104040","4","110343"
"LENS & BODY LICENSE TOYOTA 81271-0K080","2,487","","0","812710K080","4","110344"
"LENS & BODY RR TOYOTA 81551-36420","85,142","","0","8155136420","4","110345"
"LENS & BODY RR TOYOTA 81551-60A80","168,548","","0","8155160A80","4","110346"
"LENS & BODY RR TOYOTA 81561-36310","85,142","","0","8156136310","4","110347"
"LENS & BODY RR TOYOTA 81561-60A60","168,548","","0","8156160A60","4","110348"
"LENS & BODY RR TOYOTA 81581-60280","129,134","","0","8158160280","4","110349"
"LENS & BODY RR TOYOTA 81591-60310","129,134","","0","8159160310","4","110350"
"LENS & BODY RR COMB TOYOTA 815610K160","63,260","","0","815610K160","4","110352"
"LENS & BODY SIDE TURN TOYOTA 81731-0K030","4,408","","0","817310K030","4","110354"
"LINK ASSY FR TOYOTA 48810-60051","37,875","","0","4881060051","4","110355"
"LINK ASSY FR TOYOTA 48820-60071","32,774","","0","4882060071","4","110356"
"LINK ASSY RR TOYOTA 48830-36020","32,774","","0","4883036020","4","110359"
"MIRROR ASSY OUTER TOYOTA 87910-60G70","282,453","","0","8791060G70","4","110361"
"MIRROR ASSY OUTER TOYOTA 87940-60G70","282,453","","0","8794060G70","4","110362"
"MIRROR ASSY OUTER TOYOTA 87910-0K013","61,650","","0","879100K013","4","110363"
"MIRROR ASSY OUTER TOYOTA 87910-0KC51","61,381","","0","879100KC51","4","110364"
"MIRROR ASSY OUTER TOYOTA 87940-0KB11","61,381","","0","879400KB11","4","110366"
"MIRROR OUTER LH TOYOTA 87961-0K010","15,568","","0","879610K010","4","110369"
"MIRROR OUTER LH TOYOTA 87961-0KB60","15,780","","0","879610KB60","4","110370"
"MIRROR OUTER LH TOYOTA 87961-60B20","15,780","","0","8796160B20","4","110371"
"MIRROR OUTER RH TOYOTA 87931-0K010","15,568","","0","879310K010","4","110372"
"MIRROR OUTER RH TOYOTA 87931-0KD00","15,780","","0","879310KD00","4","110373"
"MIRROR OUTER RH TOYOTA 87931-60B30","15,780","","0","8793160B30","4","110374"
"MIRROR SUB-ASSY TOYOTA 87097-36010","15,455","","0","8709736010","4","110375"
"MIRROR SUB-ASSY TOYOTA 87901-36030","20,074","","0","8790136030","4","110376"
"MIRROR SUB-ASSY TOYOTA 87901-36130","97,150","","0","8790136130","4","110377"
"PAD TOYOTA 31321-14020","1,413","","0","3132114020","4","110380"
"PAD PEDAL TOYOTA 31321-42010","1,611","","0","3132142010","4","110381"
"PAD KIT DISC BRAKE TOYOTA 04465-02220","56,436","","0","0446502220","4","110382"
"PAD KIT DISC BRAKE TOYOTA 04465-36090","90,751","2","0","0446536090","4","110383"
"PIN KIT RR SPRING TOYOTA 04484-60110","21,925","2","0","0448460110","4","110384"
"PLUG ASSY GLOW TOYOTA 19850-17010","14,522","","0","1985017010","4","110386"
"PLUG ASSY GLOW TOYOTA 19850-26010","14,522","","0","1985026010","4","110388"
"PLUG ASSY GLOW TOYOTA 19850-30010","14,522","8","0","1985030010","4","110389"
"PLUG KIT RR DRUM BRAKE TOYOTA 04949-0K130","2,444","","0","049490K130","4","110390"
"PLUG SCREW TOYOTA 90341-18057","3,503","","0","9034118057","4","110391"
"PLUG SPARK TOYOTA 90919-01275","11,330","","0","9091901275","4","110392"
"PLUG DRAIN TOYOTA 90341-12012","1,582","","0","9034112012","4","110393"
"PULLEY ALTERNATOR TOYOTA 27415-30010","27,774","","0","2741530010","4","110394"
"PULLEY ALTERNATOR TOYOTA 274153-0020","27,774","","0","2741530020","4","110395"
"PULLEY ASSY IDLER TOYOTA 88440-0K010","72,754","","0","884400K010","4","110396"
"PULLEY ASSY IDLER TOYOTA 88440-0K060","72,754","","0","884400K060","4","110397"
"PULLEY ASSY IDLER TOYOTA 88440-0K011","72,754","","0","884400K011","4","110398"
"PULLEY ASSY IDLER TOYOTA 88440-0K061","72,754","","0","884400K061","4","110399"
"PULLEY SUB-ASSY TOYOTA 16603-51010","15,002","","0","1660351010","4","110400"
"PULLEY SUB-ASSY TOYOTA 16604-76010","33,184","","0","1660476010","4","110401"
"PUMP ASSY WATER TOYOTA 16100-19325","88,152","","0","1610019325","4","110402"
"PUMP ASSY WATER TOYOTA 16100-09261","68,444","","0","1610009261","4","110404"
"PUMP ASSY WATER TOYOTA 16100-19235","88,152","4","0","1610019235","4","110405"
"PUMP ASSY SUPPLY TOYOTA 22100-0L060","823,582","","0","221000L060","4","110406"
"PUMP ASSY WATER TOYOTA 16100-39486","68,444","","0","1610039486","4","110407"
"PUMP ASSY WATER TOYOTA 16100-59366","97,630","","0","1610059366","4","110408"
"RADIATOR ASSY TOYOTA 16400-0L250","365,660","","0","164000L250","4","110410"
"RADIATOR ASSY TOYOTA 16400-0L431","335,612","","0","164000L431","4","110411"
"RADIATOR ASSY TOYOTA 16400-17232","458,785","","0","1640017232","4","110412"
"RADIATOR ASSY SUB TOYOTA 16510-17030","276,434","","0","1651017030","4","110414"
"RAIL ASSY COMMON TOYOTA 23810-30100","377,555","","0","2381030100","4","110415"
"O-RING TOYOTA 90301-88004","1,568","","0","9030188004","4","110416"
"O-RING TOYOTA 90301-92003","1,568","","0","9030192003","4","110417"
"O-RING TOYOTA 90301-99182","1,568","","0","9030199182","4","110418"
"O-RING TOYOTA 90301-T0043","1,568","","0","90301T0043","4","110419"
"ROD ASSY LATERAL TOYOTA 48740-60150","62,017","","0","4874060150","4","110420"
"SEAL NOZZLE HOLDER TOYOTA 23681-30010","904","","0","2368130010","4","110423"
"SEAL OIL TYPE D TOYOTA 90316-83001","17,743","","0","9031683001","4","110424"
"SEAL OIL TYPE K TOYOTA 90313-T0002","4,732","","0","90313T0002","4","110426"
"SEAL OIL TYPE S TOYOTA 90310-63001","6,315","","0","9031063001","4","110428"
"SEAL OIL TYPE S TOYOTA 90310-T0008","4,111","","0","90310T0008","4","110429"
"SEAL OIL TYPE T TOYOTA 90311-47013","6,837","","0","9031147013","4","110430"
"SEAL OIL TYPE V TOYOTA 90312-87001","7,431","","0","9031287001","4","110432"
"SEAL OIL TYPE V TOYOTA 90311-47027","6,315","","0","9031147027","4","110437"
"SEAL OIL TYPE V TOYOTA 90311-47037","8,731","","0","9031147037","4","110439"
"SENSOR SPEED FR LH TOYOTA 89543-60050","83,999","","0","8954360050","4","110441"
"SENSOR SPEED FR RH TOYOTA 89542-60050","84,564","","0","8954260050","4","110442"
"SENSOR SKID TOYOTA 89544-36030","84,564","","0","8954436030","4","110443"
"SENSOR SPEED FR LH TOYOTA 89543-36050","84,564","","0","8954336050","4","110444"
"SENSOR SPEED FR RH TOYOTA 89542-36020","84,564","","0","8954236020","4","110445"
"SHACKLE KIT RR TOYOTA 04483-60200","39,669","1","0","0448360200","4","110446"
"SHACKLE KIT RR SPRING TOYOTA 04483-KK010","87,968","","0","04483KK010","4","110447"
"SHACKLE KIT RR TOYOTA 04483-36120","68,077","","0","0448336120","4","110448"
"SHAFT ASSY FR DRIVE TOYOTA 43430-60071","201,647","","0","4343060071","4","110450"
"SHIM KIT ANTI SQUEAK TOYOTA 04945-0K290","16,387","1","0","049450K290","4","110452"
"SPIDER KIT TOYOTA 04371-36050","42,889","","0","0437136050","4","110453"
"SPRING KIT RR DRUM TOYOTA 04941-0K030","3,885","","0","049410K030","4","110457"
"SPRING KIT RR DRUM TOYOTA 04942-0K130","6,329","2","0","049420K130","4","110458"
"SPRING KIT RR DRUM TOYOTA 04942-36010","20,950","1","0","0494236010","4","110459"
"STARTER ASSY TOYOTA 28100-17051","429,217","","0","2810017051","4","110462"
"STARTER ASSY TOYOTA 28100-51072","296,650","","0","2810051072","4","110464"
"STRAINER ASSY OIL TOYOTA 35330-60060","33,410","","0","3533060060","4","110465"
"STRUT KIT RR DRUM BRAKE TOYOTA 04943-0K030","26,078","2","0","049430K030","4","110466"
"TANK RECEIVER TOYOTA 88471-50020","29,893","","0","8847150020","4","110467"
"TENSIONER ASSY TOYOTA 13540-17011","29,271","4","0","1354017011","4","110468"
"TENSIONER ASSY TOYOTA 13540-67020","25,725","","0","1354067020","4","110469"
"TENSIONER ASSY TOYOTA 16620-30031","82,119","","0","1662030031","4","110470"
"TENSIONER ASSY TOYOTA 16620-51011","56,917","2","0","1662051011","4","110471"
"TERMINAL ASSY TOYOTA 90982-05053","9,154","","0","9098205053","4","110472"
"TERMINAL ASSY TOYOTA 90982-05058","9,154","","0","9098205058","4","110473"
"TERMINAL ASSY TOYOTA 90982-06024","4,168","","0","9098206024","4","110474"
"TERMINAL ASSY TOYOTA 90982-06039","7,502","","0","9098206039","4","110475"
"TERMINAL JUNCTION TOYOTA 82675-60030","3,814","","0","8267560030","4","110476"
"THERMOSTAT TOYOTA 90916-03089","12,248","1","0","9091603089","4","110477"
"THERMOSTAT TOYOTA 90916-03118","12,219","","0","9091603118","4","110478"
"TURBOCHARGER TOYOTA 17201-51021","1,493,606","","0","1720151021","4","110479"
"TURBOCHARGER TOYOTA 17208-51011","1,483,081","","0","1720851011","4","110480"
"UNIT ASSY HEADLAMP TOYOTA 81145-60J30","424,668","","0","8114560J30","4","110481"
"UNIT ASSY HEADLAMP TOYOTA 81185-60J30","424,668","","0","8118560J30","4","110482"
"UNIT ASSY HEADLAMP TOYOTA 81130-60C50","217,469","","0","8113060C50","4","110483"
"UNIT ASSY FR TURN TOYOTA 81511-36271","30,133","","0","8151136271","4","110485"
"UNIT ASSY FR TURN TOYOTA 81521-36211","30,133","","0","8152136211","4","110486"
"UNIT ASSY HEADLAMP TOYOTA 81130-0K401","122,437","","0","811300K401","4","110487"
"UNIT ASSY HEADLAMP TOYOTA 81130-0K660","100,188","","0","811300K660","4","110488"
"UNIT ASSY HEADLAMP TOYOTA 81170-0K401","122,437","","0","811700K401","4","110489"
"UNIT ASSY HEADLAMP TOYOTA 81170-0K660","99,764","","0","811700K660","4","110490"
"VALVE EXPANSION NO TOYOTA 88515-0K180","69,024","","0","885150K180","4","110492"
"VALVE EXPANSION NO TOYOTA 88515-0K580","55,208","","0","885150K580","4","110493"
"KNUCKLE STEERING LH TOYOTA 43212-36906","158,080","","0","4321236906","4","110537"
"SWITCH IGNITION TOYOTA 69057-0K010","41,731","","0","690570K010","4","110697"
"ACTUATOR TOYOTA 36410-71010","250,993","","0","3641071010","4","110761"
"ACTUATOR TOYOTA 36410-0K010","250,993","","0","364100K010","4","110762"
"O-RING TOYOTA 90301-28013","1,045","","0","9030128013","4","110763"
"O-RING TOYOTA 90301-T0066","1,045","","0","90301T0066","4","110764"
"MODULE CONTROL 4WD TOYOTA 89533-71170","125,644","","0","8953371170","4","110765"
"SENSOR TOYOTA 83181-36010","87,220","","0","8318136010","4","110850"
"BELT FRONT SEAT OUTER RH TOYOTA 73370-36071-E0","94,311","","0","73370-36071E0","4","110851"
"BELT FRONT SEAT OUTER LH TOYOTA 73210-36111-E0","94,311","","0","73210-36111E0","4","110852"
"BELT ASSY FRONT SEAT INNER RH TOYOTA 73380-36200-E1","19,015","","0","73380-36200E1","4","110853"
"BELT ASSY FRONT SEAT LH TOYOTA 73220-12580-B2","121,208","","0","73220-12580B2","4","110854"
"BELT SUB-ASSY SUB SEAT INNER TOYOTA 73308-36030-E0","14,904","","0","73308-36030E0","4","110855"
"BELT SUB-ASSY SUB SEAT OUTER TOYOTA 73303-36040-E0","27,237","","0","73303-36040E0","4","110856"
"BOLT TOYOTA 90119-T0216","720","","0","90119T0216","4","111025"
"SHAFT DRIVE RHS TOYOTA 43460-09Y60","195,600","","0","4346009Y60","4","111027"
"FRAME SUB-ASSY SIDE REAR WINDOW TOYOTA 62707-36011","226,539","","0","6270736011","4","111028"
"WINDOW REAR SIDE RUN RH TOYOTA 62451-36120","41,052","","0","6245136120","4","111029"
"WINDOW FRONT SIDE GLASS RH TOYOTA 62211-36080","134,007","","0","6221136080","4","111030"
"FRAME SUB-ASSY SIDE WINDOW RH TOYOTA 62019-36034","46,591","","0","6201936034","4","111032"
"CLIP SIDE WINDOW NO 3 TOYOTA 62376-36010","37,126","","0","6237636010A1","4","111033"
"SPACER SIDE WINDOW FRAME TOYOTA 62279-36010","565","","0","6227936010","4","111034"
"FILM SIDE WINDOW FRAME TOYOTA 62269-90K01","424","","0","6226990K01","4","111035"
"CAP SIDE WINDOW CENTER RH TOYOTA 62777-36030","1,681","","0","6277736030","4","111036"
"WINDOW ASSY REAR SIDE RH TOYOTA 62115-36060","146,779","","0","6211536060","4","111037"
"WINDOW REAR SIDE DAM TOYOTA 62129-36010","3,715","","0","6212936010","4","111038"
"SPACER QUARTER WINDOW GLASS TOYOTA 62785-36010","3,715","","0","6278536010","4","111039"
"LOCK ASSY SIDE WINDOW TOYOTA 62910-95702","4,888","","0","6291095702","4","111040"
"GEAR SUB-ASSY TOYOTA 33482-39455","14,057","","0","3348239455","4","111080"
"COOLER UNIT ASSY TOYOTA 88510-6A430","126,576","","0","885106A430","4","111084"
"GLASS WINDSCREEN TOYOTA 68114-0K210","59,884","","0","681140K210","4","111183"
"ABSORBER ASSY FRONT LH TOYOTA 48510-09K10","111,560","","0","4851009K10","4","111184"
"SHAFT ASSY FRONT DRIVE OUTBOARD JOINT RH TOYOTA 43460-80033","215,492","","0","4346080033","4","111589"
"SPRING FRONT COIL TOYOTA 48131-0K850","48,809","","0","481310K850","4","111728"
"GASKET FRONT DIFFERENTIAL TOYOTA 42181-60080","2,741","","0","4218160080","4","111731"
"LOCK ASSY REAR DOOR LH TOYOTA 69340-60041","46,153","","0","6934060041","4","111812"
"LOCK ASSY REAR DOOR RH TOYOTA 69330-60041","45,786","","0","6933060041","4","111813"
"FRONT SEAT CUSHION ASSY LH TOYOTA 71420-6A600-B0","328,648","","0","71420-6A600B0","4","111840"
"BACK ASSY FR SEAT LH TOYOTA 71440-60282-B1","359,486","","0","71440-60282B1","4","111841"
"BACK ASSY FR SEAT RH TOYOTA 71430-60452-B1","359,486","","0","71430-60452B1","4","111842"
"FRONT SEAT CUSHION ASSY RH TOYOTA 71410-60572-B1","409,453","","0","71410-60572B1","4","111843"
"FLANGE FR AXLE SHAFT R/H TOYOTA 43421-60030","23,832","","0","43421-60030","4","111849"
"WINDSCREEN GLASS TOYOTA 56111-36070","327,630","","0","5611136070","4","111983"
"STRIP WEATHER WINDSHIELD TOYOTA 56121-36010","58,061","","0","5612136010","4","111984"
"LAMP ASSY REAR COMBINATION RH TOYOTA 81550-0K260","88,985","","0","815500K260","4","112312"
"LAMP ASSY REAR COMBINATION LH TOYOTA 81560-OK270","88,985","","0","81560OK270","4","112313"
"SWITCH: TRANSFER IND TOYOTA 84222-60022","20,851","","0","8422260022","4","112437"
"BOLT TENSIONER AIRCON TOYOTA 90179-10132","452","","0","9017910132","4","112442"
"RESISTOR: FIXED BLOWER 12V DC TOYOTA 87138-60290","9,592","","0","8713860290","4","112447"
"THERMISTOR: COOLER MTR PROTECTION 12V DC TOYOTA 88625-60200","5,001","1","0","8862560200","4","112448"
"CONDENSER ASSY TOYOTA 88460-60460","363,018","","0","8846060460","4","112449"
"COMPRESSOR: ASSY COOLER 12V DC TOYOTA 88320-6A270","433,384","","0"," 883206A270","4","112450"
"DRYER: COOLER FRONT AIR CON TOYOTA 88474-12030","45,432","","0","8847412030","4","112451"
"PIPE: LINE COOLER AIR CON TOYOTA 88716-6C260","30,642","","0","887166C260","4","112452"
"PIPE: AIR CON LIQ TOYOTA 88716-6C370","72,640","","0","887166C370","4","112453"
"PIPE: COOLER REFRIGERENT LIQ TOYOTA 88716-6C380","37,126","2","0","887166C380","4","112454"
"HOSE: DISCH AIR CONDITIONER REFRIGERENT TOYOTA 88711-60780","75,099","","0","8871160780","4","112455"
"SENSOR: FRONT AIRBAG 12V DC TOYOTA 89173-69205","58,174","","0","8917369205","4","112456"
"SENSOR: ASSY AIRBAG DRIVER 12V DC TOYOTA 89170-60650","122,254","","0","8917060650","4","112457"
"SENSOR: ASSY AIRBAG DRIVER AND PASSENGER 12V DC TOYOTA 89170-60660","123,115","","0","8917060660","4","112458"
"PAD: ASSY STEERING TOYOTA 45130-60480-B0","53,824","","0","45130-60480B0","4","112459"
"HOSE: SUCT CLNT REFRIGERENT TOYOTA 88712-6A380","90,087","","0","887126A380","4","112461"
"SWITCH: TRANSFER IND 12V DC TOYOTA 84222-60041","20,004","1","0","8422260041","4","112472"
"SLINGER: DIF FRONT TOYOTA 41214-60011","2,006","","0","4121460011","4","112474"
"DEFLECTOR: DUST REAR DIFFERENTIAL TOYOTA 41252-35041","3,546","","0","4125235041","4","112476"
"BEARING: SHFT INPUT TOYOTA 90363-T0006","3,390","","0","90363T0006","4","112479"
"SENSOR: SPEED 12V DC TOYOTA 89543-0K020","84,564","","0"," 895430K020","4","112525"
"SENSOR: SPEED 12V DC TOYOTA 89542-0K020","83,956","","0","895420K020","4","112526"
"SENSOR: SPEED 12V DC TOYOTA 89545-0K040","93,068","","0"," 895450K040","4","112527"
"SENSOR: SPEED 12V DC TOYOTA 89546-0K040","93,068","","0"," 895460K040","4","112528"
"HORN: ASSY 12V DC TOYOTA 86520-22091","35,699","","0","8652022091","4","112540"
"BUTTON PUSH: HORN SUB ASSY PLT TOYOTA 45105-60060","18,083","","0","4510560060","4","112541"
"BUTTON: ASSY HORN TOYOTA 45130-60220","54,671","","0","4513060220B0","4","112542"
"SHOE BRAKE ASSY TOYOTA 46530-34010","9,917","","0","4653034010","4","112600"
"CARRIER ASSY DIF FRONT TOYOTA 41110-60830","928,263","0","0","4111060830/31","4","113276"
"MIRROR ASSY OUTER TOYOTA 87910-0K083","133,302","","0","879100K083","4","113380"
"MIRROR ASSY OUTER TOYOTA 87940-0K063","133,302","","0","879400K063","4","113381"
"DUPLICATE ITEM - USE 112312 - LIGHT ASSY COMB RH TOYOTA 81550-0K260","88,985","","0","815500K260","4","113385"
"COVER HEADLAMP SOC TOYOTA 90075-65002","3,094","","0","9007565002","4","113418"
"LAMP WEDGE BULB 5W 12V TOYOTA 99132-12050","1,130","","0","9913212050","4","113419"
"SOCKET LAMP TOYOTA 90075-60077","3,079","","0","9007560077","4","113420"
"LAMP SGNL BULB 21W 12V TOYOTA 90981-15021","1,611","","0","9098115021","4","113421"
"SOCKET TURN SGNL LAMP FRONT TOYOTA 90075-60028","3,094","","0","9007560028","4","113422"
"SCREW ADJUSTING SHOE RH TOYOTA 47405-60010","9,239","","0","4740560010","4","113430"
"SCREW ADJUSTING SHOE LH TOYOTA 47406-60010","9,239","","0","4740660010","4","113431"
"BELT SEAT FRONT TOYOTA 73240-60281-C0","26,403","","0","73240-60281C0","4","113432"
"BELT SEAT LH TOYOTA 73230-60231-C0","14,706","","0","73230-60231C0","4","113433"
"BELT SEAT FRONT TOYOTA 73210-60632-C0","94,537","","0","73210-60632C0","4","113434"
"BELT ASSY RR TOYOTA 73360-36150-E0","27,237","","0","73360-36150E0","4","113585"
"BELT ASSY RR TOYOTA 73360-36160-E0","27,237","","0","73360-36160E0","4","113586"
"BELT ASSY RR OUTER TOYOTA 73360-36200-E1","19,029","","0","73360-36200E1","4","113587"
"GASKET KIT TOYOTA 04446-60130","12,672","","0","0444660130","4","113625"
"O-RING TOYOTA 90301-60002","3,334","","0","9030160002","4","113642"
"RESERVOIR SUB ASSY TOYOTA 47220-60200","41,052","","0","4722060200","4","113643"
"RESERVOIR SUB ASSY TOYOTA 47220-60250 ","41,279","","0","4722060250","4","113645"
"BOLT UNION PRESSURE FEED TUBE TOYOTA 96341-41603","3,235","","0","9634141603","4","113824"
"NUT LOCK TOYOTA 94184-01001","636","","0","9418401001","4","113892"
"BOLT ASSY TOYOTA 90119-10765","537","","0","9011910765","4","113893"
"SENSOR CRANK POSITION TOYOTA 90919-05050","42,324","","0","9091905050","4","114263"
"SENSOR POSITION CRANK TOYOTA 90919-05050","42,324","","0","9091905050","4","114266"
"FORK SUB-ASSY CLUTCH TOYOTA 31204-0K110","36,490","","0","312040K110","4","114353"
"FORK RELEASE TOYOTA 31236-0K010","4,379","","0","312360K010","4","114355"
"GROMMET TOYOTA 47255-16010","3,687","","0","4725516010","4","114357"
"HOSE FLEX TOYOTA 90080-94215","14,367","","0","9008094215","4","114359"
"GASKET INJ NOZZLE SEAT TOYOTA 11177-54020","269","","0","1117754020","4","114364"
"CLIP, RELEASE BEARING HUB TOYOTA 31232-36020","720","","0","3123236020","4","114365"
"TUBE,CLUTCH RELEASE CYLINDER TO FLEXIBLE HOSE TOYOTA 31482-0K040","2,981","","0","314820K040","4","114367"
"GASKET REAR AXLE L/H TOYOTA 42321-36060 ","2,981","","0","4232136060","4","114569"
"PLATE REAR LOCK L/H TOYOTA 42428-36020 ","1,413","2","0","4242836020","4","114570"
"NUT REAR AXLE BEARING LOCK TOYOTA 42427-37020 ","8,165","","0","4242737020","4","114571"
"SEAL TOYOTA 42311-36210 ","186,715","","0","4231136210","4","114573"
"SEAL OIL TOYOTA 90311-13001 ","2,049","","0","9031113001","4","114574"
"SEAL OIL TOYOTA 90311-22009 ","2,049","","0","9031122009","4","114576"
"RELAY TOYOTA 90987-02028","24,892","","0","9098702028","4","114592"
"LINK FRONT DOOR R/H TOYOTA 69711-60090","2,981","","0","6971160090","4","114620"
"LINK FRONT DOOR L/H TOYOTA 69712-60090 ","3,927","","0","6971260090","4","114621"
"SCREW TOYOTA 90162-50008","353","","0","9016250008","4","114622"
"LOCK ASSY FRONT L/H TOYOTA 69390-60070  ","143,049","","0","6939060070","4","114624"
"LINK REAR DOOR R/H TOYOTA 69713-60020","3,136","","0","6971360020","4","114625"
"LINK REAR DOOR L/H TOYOTA 69714-60020 ","3,136","","0","6971460020","4","114626"
"LOCK ASSY FRONT L/H TOYOTA 69340-60031","46,153","","0","6934060031","4","114628"
"SCREEN TOYOTA 91531-60008 ","22,631","","0","9153160008","4","114629"
"COVER, ENGINE UNDER NO 1 TOYOTA 51410-0K021","44,259","","0"," 514100K021","4","115577"
"COVER ENGINE UNDER NO 2 TOYOTA 51420-0K040","39,796","","0","514200K040","4","115578"
"COVER ENGINE UNDER TOYOTA 51441-0K050  ","26,177","","0","514410K050","4","115579"
"BOLT TOYOTA 90119-T0142","367","","0","90119T0142","4","115580"
"BRACE TOYOTA 51405-0K020  ","29,793","","0","514050K020","4","115581"
"BOLT TOYOTA 90119-T0190","22,631","","0","90119T0190","4","115582"
"NUT TOYOTA 90170-12044","452","","0","9017012044","4","115728"
"GASKET KIT TRANSMISSION OVERHAUL TOYOTA 04331-60430","4,139","","0","0433160430","4","115730"
"FORK RELEASE TOYOTA 31204-0K071","38,185","","0","312040K071","4","115735"
"BELT ASSY FRONT SEAT INNER LH TOYOTA 72340-0K020-B1","0","","0","72340-0K020B1","4","115739"
"BELT ASSY REAR NO.1 SEAT OUTER LH TOYOTA 73360-0K031-B2","94,311","","0"," 73360-0K031B2","4","115740"
"BELT ASSY REAR NO.1 SEAT INNER LH TOYOTA 73390-0K021-B1","22,603","","0","73390-0K021B1","4","115741"
"BELT ASSY REAR NO.1 SEAT INNER RH TOYOTA 73380-0K022-B1","34,526","","0"," 73380-0K022B1","4","115742"
"CYLINDER KEY SET TOYOTA 69057-60630","41,434","","0","6905760630","4","115980"
"BUMPER ASSY FRONT TOYOTA 52018-36907","261,884","","0","5201836907","4","116019"
"STAY FRONT BUMPER RH TOYOTA 52141-36040","11,076","","0","5214136040","4","116020"
"STAY FRONT BUMPER LH TOYOTA 52142-36040","11,076","","0","5214236040","4","116021"
"SEAL AIR CLEANER INLET DUCT NO1 TOYOTA 59181-36010","8,631","","0","5918136010","4","116023"
"CLAMP TOYOTA 96111-10830","1,681","","0","9611110830","4","116024"
"HOSE COOL AIR INTAKE NO3 TOYOTA 59133-36050","17,672","","0","5913336050","4","116025"
"PIPE SUB-ASSY INJECTION N°4 TOYOTA 23704-51010","15,440","","0","2370451010","4","116066"
"BUSHING TOYOTA 90560-10044","989","2","0","9056010044","4","116213"
"BOLT TOYOTA 90119-08834","452","","0","9011908834","4","116215"
"HOUSING FILTER ASSY AIR TOYOTA 17730-66010","37,266","","0","1773066010","4","116216"
"BRACKET MOUNTING INLET UPPER TOYOTA 53773-60020","6,117","","0","5377360020","4","116217"
"BRACKET MOUNTING INLET LOWER TOYOTA 53773-90B00","4,436","","0","5377390B00","4","116218"
"RETAINER BEARING TOYOTA 33018-0K011","40,176","","0","330180K011","4","116395"
"CLIP TOYOTA 90468-12015","947","","0","9046812015","4","116523"
"DISC BRAKE FRONT TOYOTA 43512-60220","100,075","0","0","4351260220","4","116568"
"SHAFT REAR AXLE RH TOYOTA 42311-60201","229,703","","0","4231160201","4","116611"
"CAP FRONT WHEEL ADJUSTING LOCK RH & LH TOYOTA 43525-71010","4,535","","0","4352571010","4","116812"
"COVER FRONT DRIVE SHAFT DUST RH & LH TOYOTA 41336-0K071","8,731","","0","413360K071","4","116829"
"SEAL OIL REAR AXLE SHAFT TOYOTA 90313-93001","13,350","","0","9031393001","4","116858"
"SCREW REAR AXLE BEARING LOCK NUT TOYOTA 42419-60011","678","1","0","4241960011","4","116877"
"PIN  W/HOLE TOYOTA 90240-06024","353","","0","9024006024","4","118017"
"SPRING ANTI-RATTLE No1 TOYOTA 47748-60040","4,168","","0","4774860040","4","118018"
"TUBE, FRONT BRAKE, NO.1 TOYOTA 47311-0K030","2,614","","0"," 473110K030","4","118435"
"HOSE, FLEXIBLE, NO.1(FOR FRONT) TOYOTA 90080-94029","12,234","","0","9008094029","4","118437"
"BOLT HEXAGONAL TOYOTA 90105-12175","763","","0","9010512175","4","118438"
"CABLE ASSY PARKING BRAKE NO 2 TOYOTA 46420-0K041","22,773","","0"," 464200K041","4","118699"
"SPIDER KIT FRONT PROPELLER SHAFT UNIVERSAL JOINT TOYOTA 04371-0K060","32,309","","0","043710K060","4","118709"
"ENGINE ASSY TOYOTA 19000-30451","5,920,770","","0","1900030451","4","118727"
"GASKET TOYOTA 04112-30311","62,907","","0","0411230311","4","118728"
"FLASHER ASSY TRUN SIGNAL TOYOTA 81980-30170","25,429","12","0","8198030170","4","118835"
"RETAINER CUSHION FRONT TOYOTA 90948-02141","2,854","","0","9094802141","4","119164"
"RETAINER CUSHION N°2 TOYOTA 48509-60040","6,075","15","0","4850960040","4","119165"
"SPRING ASSY FRONT SUSPENSION RH TOYOTA 48310-60101","27,237","","0","4831060101","4","119167"
"TUBE FRONT BRAKE N°4 TOYOTA 47314-60331","3,546","","0","4731460331","4","119168"
"ROD ASSY STEERING RELAY TOYOTA 45450-39225","89,663","2","0","4545039225","4","119411"
"BEARING SET CAMSHAFT TOYOTA 11801-17010","5,637","","0","1180117010","4","120157"
"END SUB-ASSY STEERI TOYOTA 45503-0K130","60,406","1","0","455030K130","4","120339"
"KNUCKLE, STEERING TOYOTA 43211-60250","131,521","","0","4321160250","4","120343"
"BELT SEAT ASSY TOYOTA 73230-60152-CO","33,340","","0","73230-60152BO","4","120422"
"BAR STABILIZER REAR TOYOTA 48805-60100","101,784","","0","4880560100","4","120423"
"PLUG FUEL FILTER TOYOTA 23388-51020","2,218","","0","2338851020","4","120424"
"HOSE FLEXIBLE REAR BRAKE TOYOTA 90947-02H57","15,102","1","0","9094702H57","4","120426"
"TUBE FRONT BRAKE TOYOTA 47315-60610","6,202","","0","4731560610","4","120430"
"TUBE FRONT BRAKE TOYOTA 47316-60700","13,929","","0","4731660700","4","120431"
"TUBE REAR BRAKE NO.4 TOYOTA 47325-60360","7,812","","0","4732560360","4","120432"
"TUBE REAR BRAKE TOYOTA 47326-60410","3,546","","0","4732660410","4","120433"
"GASKET REAR FLEXIBLE HOSE TOYOTA 47389-50020","2,416","","0","4738950020","4","120434"
"FRONT AXLE REVISION KIT TOYOTA 04434-60150","67,230","","0","443460150","4","120435"
"CABLE HAND BRAKE LAND 25 TOYOTA 46410-0K041","16,924","","0"," 464100K041","4","120523"
"PLATE SHOE GUIDE TOYOTA 47456-35010","763","","0","4745635010","4","120542"
"SHAFT REAR AXLE RH TOYOTA 42311-60200","254,283","","0","4231160200","4","120546"
"SHAFT REAR AXLE LH TOYOTA 42312-60140","254,283","","0","4231260140","4","120547"
"ARM STEERING KNUCKLE TOYOTA 45612-60080","40,318","","0","4561260080","4","120548"
"SEAL OIL TOYOTA 90311-35023","2,812","","0","9031135023","4","120549"
"RETAINER BEARING TOYOTA 33018-36080","39,993","","0","3301836080","4","120550"
"EVAPORATOR UNDER ASSEMBLY TOYOTA 88501-0K420","243,562","0","0","885010K420","4","121136"
"EVAPORATOR TOYOTA 88501-0K090","308,418","","0","885010K090","4","121142"
"BOLT STUD N°1 FRONT DIFFERENTIAL TOYOTA 90116-08329","494","","0","9011608329","4","121215"
"BOLT STUD N°2 FRONT DIFFERENTIAL TOYOTA 90116-08233","466","","0","9011608233","4","121216"
"BOLT STUD N°3 FRONT DIFFERENTIAL TOYOTA 90116-08330","947","","0","9011608330","4","121217"
"UNION HOSE FRONT AXLE BREATHER TOYOTA 90404-10019","2,896","","0","9040410019","4","121218"
"SEAL OIL TOYOTA 41336-0K080","8,731","","0","413360K080","4","121219"
"BOOSTER ASSY TOYOTA 44610-6A370","227,613","","0","446106A370","4","121226"
"STEERING KNUCKLE LH TOYOTA 43212-60111","119,387","","0","4321260111","4","121342"
"GLASS SUB-ASSY FRONT DOOR LH TOYOTA 68112-60170","69,998","","0","6811260170","4","121473"
"SEAL OIL SIDE GEAR SHAFT TOYOTA 90311-T0063","8,731","6","0","90311T0063","4","121474"
"CALIPER ASSY FRONT DISC BRAKE RH TOYOTA 47730-0K190","218,797","","0","477300K190","4","121476"
"BOLT TOYOTA 90401-10058","2,614","","0","9040110058","4","121481"
"STEERING KNUCKLE LH TOYOTA 43212-60220","119,499","","0","4321260220","4","121867"
"HORN CONTACT RING TOYOTA 45176-36010","1,738","","0","4517636010","4","122231"
"STEERING KNUCKLE ARM DUST COVER BOLT TOYOTA 90101-60090","509","","0","9010160090","4","122235"
"PULLEY ASSY IDLER NO.2 TOYOTA 88440-0K280","72,754","","0"," 884400K280","4","122770"
"SHAFT ASSY PROPELLER FRONT TOYOTA 37140-0K030","254,114","","0","371400K030","4","122790"
"CYLINDER ASSY DISC BRAKE LH TOYOTA 47750-0K270","217,737","","0","477500K270","4","122840"
"CYLINDER ASSY FRONT DISC BRAKE RH TOYOTA 47730-0K270","217,737","","0","477300K270","4","122845"
"BOOSTER ASSY BRAKE TOYOTA 44610-6A280","228,658","","0","446106A280","4","122889"
"WINDSHIELD WIPER SWITCH ASSY TOYOTA 84652-0K041","37,875","","0","846520K041","4","123289"
"BOLT SUSP CONTROL ARM TOYOTA EPA 90105-46053","0","","0","9010546053","4","125357"
"STEERING ASSEMBLY TOYOTA 43237-60060","3,503","","0","4323760060","4","125956"
"SPACER BEARING FRONT 25X30mm STL INNER TOYOTA 43524-0K020","5,128","","0","435240K020","4","126041"
"SPACER 50X40X3mm STL TOYOTA 90560-52001","4,874","","0","9056052001","4","126061"
"TRANSMISSION TOYOTA 33030-6A412","2,917,793","","0","330306A412","4","126321"
"GASKET ENGINE REAR OIL TOYOTA 90311-85011","17,856","","0","9031185011","4","126328"
"SEAL OIL REAR , RETAINER TOYOTA 11381-54030","17,334","","0","1138154030","4","126329"
"SEAL HSG FLYWHEEL ; DUST TOYOTA 11354-54010","6,936","","0","1135454010","4","126330"
"BRAKE CRANK; PARKING LH TOYOTA 47624-60010","7,586","0","0","4762460010","4","126339"
"BRAKE PARKING CRANK TOYOTA 47625-60010","7,586","","0","4762560010","4","126340"
"LOCK TOYOTA 69030-60152","104,016","","0","6903060152","4","126417"
"RADIATOR TOYOTA 16410-0D481","374,404","","0","164100D481","4","126805"
"INTERLOCK MECH REAR TOYOTA 69110-60071","104,016","","0","6911060071","4","127093"
"HINGE DOOR TOYOTA 68802-60060","39,258","","0","6880260060","4","127098"
"HINGE DOOR ASSY RH TOYOTA 68803-60040","39,258","","0","6880360040","4","127099"
"GROMMET SCREW TOYOTA 90189-04042","296","","0","9018904042","4","127124"
"CUSHION LOWER STOPPER BACK DOOR TOYOTA 67293-60010","1,045","","0","6729360010","4","127125"
"HANDLE DOOR LH/OS TOYOTA 69212-32010","5,495","","0","6921260030","4","127126"
"LOCK DOOR ASSY, UPPER TOYOTA 69350-61081","35,317","","0","6935060181","4","127127"
"LOCK DOOR PWR TOYOTA 69040-60240","101,148","","0","6904060240","4","127281"
"LINK INSIDE LOCKING DOOR TOYOTA 69770-60020","3,503","","0","6977060020","4","127285"
"LINK INSIDE LOCKING TOYOTA 69780-60020","3,503","","0","6978060020","4","127286"
"LOCK DOOR TOYOTA 69749-12030","1,045","","0","6974912030","4","127287"
"LOCK DOOR FRONT RH TOYOTA 67831-60200","5,468","","0","6783160200","4","127288"
"LOCK DOOR LH TOYOTA 67832-60100","5,468","","0","6783260100","4","127289"
"PROTECTOR SCREEN TOYOTA 67871-60030","25,739","","0","6787160030","4","127468"
"LENS COMB LAMP REAR TOYOTA 81561-0K150","53,315","","0","815610K150","4","128021"
"BUSHING TOYOTA 48815-60100","9,267","","0","4881560100","4","128022"
"STRIP SEAL REAR DOOR TOYOTA 67871-0K080","30,302","","0","678710K080","4","128097"
"STRIP SEAL FRONT DOOR TOYOTA 67861-0K120","34,470","","0","678610K120","4","128098"
"STRIP SEAL BACK DOOR TOYOTA 67872-0K080","30,302","","0","678720K080","4","128104"
"BOARD SUB-ASSY/FRONT DOOR TRIM LH TOYOTA 67620-60221-B2","56,790","","0","9091500000","4","128190"
"SEAL INJECTION PUMP TOYOTA 90301-49003","1,087","","0","9030149003","4","128191"
"REGULATOR ASSY REAR DOOR LH TOYOTA 69840-60040","38,933","","0","6984060040","4","128299"
"REGULATOR SUB-ASSY REAR DOOR WINDOW RH TOYOTA 69830-60040","38,933","","0","6983060040","4","128300"
"DOOR BOARD SUB-ASSY/REAR TRIM LH TOYOTA 67640-60230-B1","54,162,433","","0","6764060230B1","4","128326"
"CABLE ASSY PARKING BRAKE TOYOTA 46410-60C80","27,336","","0","4641060C80","4","128351"
"KIT BRAKE DISC REAR TOYOTA 04948-60040","9,663","1","0","0494860040","4","128756"
"CYLINDER ASSY REAR TOYOTA 47830-60080","151,483","1","0","4783060080","4","128757"
"LIGHT BULB TOYOTA 90981-20024","94,015","","0","9098120024","4","128762"
"DISC BRAKE ASSY REAR TOYOTA 47850-60070","151,483","2","0","4785060070","4","128763"
"DOOR ASSY BACK TOYOTA 67006-60142","293,132","","0","6700660142","4","128922"
"SNAP TOYOTA 69377-90K00","1,045","","0","6937790K00","4","128923"
"DOOR ASSY BACK TOYOTA 67005-60512","268,227","","0","6700560512","4","128924"
"KNUCKLE STEERING LH TOYOTA 43212-0K040","180,838","","0","432120K040","4","129291"
"KNUCKLE STEERING RH TOYOTA 43211-0K040","180,838","","0","432110K040","4","129312"
"BAR STABILIZER FRONT TOYOTA 48811-0K050","118,058","","0","488110K050","4","129349"
"BRAKE BOOSTER ASSY TOYOTA 44610-0K190","245,680","","0","446100K190","4","129350"
"CHAIN SUB-ASSY TOYOTA 13506-51020","30,246","","0","1350651020","4","129360"
"CHAIN TENSIONER UPPER TOYOTA 13559-51010","4,803","","0","1355951010","4","129361"
"SEAT BELT ASSY FRONT OUTER RH TOYOTA 73210-0K092-B1","94,311","","0","73210-0K092B1","4","129436"
"BELT ASSY, FRONT SEAT INNER RH TOYOTA 73230-0K010-B1","14,805","","0","73230-0K010B1","4","129437"
"GLASS REAR LH DOOR QUARTER WINDOW TOYOTA 68124-0K230","14,395","","0","681240K230","4","129663"
"GLASS REAR RH DOOR QUARTER WINDOW TOYOTA 68123-0K230","14,254","","0","681230K230","4","129664"
"FILTER ELEMENT FUEL TOYOTA 23390-0L030","17,658","","0","233900L030","4","129703"
"SHOE BRAKE TOYOTA 47459-30020","0","","0","4745930020","4","129745"
"STOPPER SUB-ASSY BACK DOOR UPPER TOYOTA 69041-60011","10,383","","0","6904160011","4","129987"
"REGULATOR SUB-ASSY, FRONT DOOR WINDOW LH TOYOTA 69820-60090","47,989","","0","6982060090","4","130034"
"GASKET KIT, OVERHAUL TOYOTA 88335-14020","918","","0","8833514020","4","130036"
"BOLT COMPRESSOR NO1 TOYOTA 90099-04349","537","","0","9009904349","4","130037"
"SWITCH LAMP TOYOTA 84231-0K060","6,456","","0","842310K060","4","130059"
"ROD TIE RH TOYOTA 45067-69085","25,541","","0","4504769085","4","130061"
"REGULATOR LH TOYOTA 69820-60330","60,181","","0","6982060330","4","130175"
"PANEL DOOR RH TOYOTA 67001-60212","658,708","","0","6700160212","4","130177"
"PANEL FRONT DOOR LH TOYOTA 67002-60212","658,708","","0","6700260212","4","130178"
"CLAMP TOYOTA 90467-43002","1,907","","0","9046743002","4","130179"
"HOSE TOYOTA 96136-54801","3,094","","0","9613654801","4","130180"
"TUBE RETURN STEERING GEAR OUTLET TOYOTA 44416-60380","10,016","","0","4441660380","4","130187"
"MIRROR REAR VIEW LH OUTER SUB ASSY TOYOTA 87961-0K050","15,568","","0","879610K050","4","130310"
"METER ASSY COMB TOYOTA 83800-6BE60","272,337","","0","838006BE60","4","130564"
"LIGHT LED TOYOTA 81570-0K080","43,723","","0","815700K080","4","130844"
"CABLE ASSY 1 PARKING BRAKE TOYOTA 46410-60C90","27,336","","0","4641060C90","4","130845"
"SEAL DUST FRONT AXLE HUB TOYOTA 90313-99003","28,452","1","0","9031399003","4","131018"
"VALVE ASSY LOAD SENSING PROPORTIONING TOYOTA 47910-60141","62,440","","0","4791060141","4","131044"
"SWITCH ASSY BACK-UP LAMP TOYOTA 84210-71050","12,983","","0","8421071050","4","131090"
"LAMP ASSY, RH TOYOTA 81110-0K660","123,286","","0","811100K660","4","131165"
"LAMP ASSY,LH TOYOTA 81150-0K660","123,286","","0","811500-0","4","131166"
"TUBE ASSY AIR CONDITIONER TOYOTA 88710-0KE50","86,371","","0","887100KE50","4","131407"
"LIGHT UNIT HALG 12V RH TOYOTA 81130-60C82","147,259","","0"," 8113060C82","4","131476"
"LIGHT UNIT HALG 12V LH TOYOTA 81170-60C52","147,259","","0"," 8117060C52","4","131477"
"CUSHION EXHAUST RBR REAR TOYOTA 17567-17020","7,374","0","0","1756717020","4","200129"
"FILTER ASSY/COMBUSTION/HAT FUEL TOYOTA 23380-17441","24,256","","0","2338017441","4","200137"
"ROD TIE ASSY RH TOYOTA 45460-39385","102,646","","0","4546039385","4","200156"
"CABLE ASSY/BRAKE TOYOTA 46430-0K041 ALL3","28,508","","0","9091500000","4","200160"
"SEAT SUB-ASSY RH TOYOTA 48046-60100","22,660","1","0","4804660100","4","200172"
"SPRING TENSION TOYOTA 90507-20016","1,130","","0","9050720016","4","200239"
"NUT TOYOTA 94184-61200","480","","0","9418461200","4","200243"
"CAMSHAFT TOYOTA 13501-17010","317,474","","0","1350117010","4","202235"
"LAMP HEAD TOYOTA 90981-13046","8,674","","0","9098113046","4","202335"
"RELAY TOYOTA 90987-02017","25,316","","0","9098702017","4","202337"
"SEAL OIL TOYOTA 90311-47012","4,139","","0","9031147012","4","202411"
"GASKET KNUKLE TOYOTA 43436-60030","1,455","9","0","4343660030","4","202506"
"LIGHT ASSY/COMB/FOG REAR;LH TOYOTA  81560-0K270","88,985","","0","815600K270","4","204178"
"BUSHING SPINDLE BRS TOYOTA 90381-35001","3,235","5","0","9038135001","4","301155"
"BEARING NEEDLE RLR TOYOTA 90364-33011","26,700","0","0","9036433011","4","301157"
"SWITCH IGN/ASSY TOYOTA 84450-71010","32,125","","0","8445071010","4","301204"
"ENGINE ASSY TOYOTA 19000-17A91","8,426,652","0","0","1900017A91","4","302430"
"COVER TOYOTA 67841-60050","4,083","","0","6784160050","4","305705"
"PANEL ASSY TOYOTA 67630-60230-B1","54,247","","0","67630-60230B1","4","305849"
"SHAFT ASSY FRONT DRIVE TOYOTA 43430-0K023","192,832","","0","434300K023","4","306139"
"STRIP WEATHER FRONT DOOR RH TOYOTA 67861-60020","25,739","","0","6786160020","4","306211"
"GLASS SUB-ASSY FRONT DOOR LH TOYOTA 68112-60200","80,368","","0","6811260200","4","306216"
"HANDLE ASSY RETAINER TOYOTA 90520-01274","452","","0","9052001274","4","306256"
"FORK SUB-ASS TOYOTA 31204-36110","24,467","","0","3120436110","4","312694"
"MIRROR RH TOYOTA 87910-60152","80,382","","0","8791060152","4","313702"
"MIRROR LH TOYOTA 87940-60382","80,382","","0","8794060382","4","313703"
"SEAL OIL REAR TOYOTQA 90311-95008","19,608","","0","9031195008","4","313941"
"SENSOR ABS FRONT LH TOYOTA 89543-60030","84,564","","0","8954360030","4","313951"
"SPRING TENSION TOYOTA 90506-12061","1,074","","0","9050612061","4","313998"
"SPRING TENSION TOYOTA 90507-23014","1,696","","0","9050723014","4","313999"
"VALVE LOAD SENSING TOYOTA 47910-35440","62,440","","0","4791035440","4","401231"
"REGULATOR LIFTING SET DOOR TOYOTA 69810-60090","47,989","1","0","6981060090","4","405300"
"HOSE  FLEXIBLE (FOR REAR RH) 90947-02G98 TOYOTA","14,367","","0","90947YZZA3","4","412688"
"GLASS PLATE TOYOTA 69810-90K01","38,933","","0","6981090K01","4","417701"
"GLASS PLATE TOYOTA 69820-90K01","38,933","","0","6982090K01","4","417702"
"GLASS TOYOTA 68132-60190","56,056","","0","6813260190","4","417710"
"HINGE TOYOTA 68861-90K00","424","","0","6886190K00","4","417782"
"HUB TOYOTA 43502-0K030","62,328","","0","435020K030","4","418498"
"PLATE TOYOTA 69410-87001","4,464","","0","6941087001","4","419627"
"RESERVOIR TOYOTA 77001-60552","228,813","","0","7700160552","4","419974"
"SEAT SUB-ASSY/SPRING U BOLT LH","11,174","1","0","9011714073","4","421095"
"SPACER TOYOTA 90560-T0013","3,221","","0","90560T0013","4","421483"
"SUB-ASSY OUTER REAR VIEW MIRROR RH TOYOTA 87931-0K070","15,568","","0","879310K070","4","421643"
"SUPPORT WIPER TOYOTA 85150-60142","190,388","","0","8515060142","4","421676"
"SWITCH TRANSFERT INDICATOR TOYOTA 84222-35080","25,216","","0","8422235080","4","421784"
"BOARD SUB ASSY FRONT DOOR TRIM RH 67610-60K40-B0 TOYOTA","56,790","","0","67610-60K40B0 ","4","423847"
"TRIM SUB ASSY BACK DOOR OPENING 64855-60010-C0 TOYOTA","21,699","","0","64855-60010C0 ","4","424037"
"STRUT PARKING BRAKE 47613-60020 TOYOTA","3,645","","0","4761360020","4","424471"
"HANDLE BACK DOOR INSIDE 69212-60030-C0 TOYOTA","5,495","","0","69212-60030C0 ","4","424474"
"BELT SEAT INNER LH TOYOTA 73230-0K020-B1","22,603","","0","73230-0K020B1","4","425127"
"CAP ASSY OIL FILTER W/ELEMEMT TOYOTA 15650-38010","34,894","","0","1565038010","4","425690"
"NUT FLANGE 90178-T0061 TOYOTA","537","","0","90178T0061 ","4","426696"
"COVER FRONT BUMPER TOYOTA 52119-60830","92,771","","0","5211960830","4","426864"
"CONTROL ASSY AIR CONDITIONER TOYOTA 55900-0K350","188,255","","0","559000K350","4","427462"
"ARM TOYOTA 85211-60092","21,798","","0","8521160092","4","429263"
"ARM TOYOTA 85221-60102","20,752","","0","8522160102","4","429264"
"SUSPENSION LIFT KIT TOYOTA HILUX","1,845,479","","0","91810/KIT-SUS-31","4","N10015"
"CADEAU ANNIVERSAIRE TOYOTA RAV 4 POUR SYVIE","0","","","","4","N10032"
"Toyota Land Cruiser Double cab vehicle","0","","","","4","N33886"
"TOYOTA HILUX  DOUBLE CABIN - LV325","0","","","","4","N36383"
"SEAT BELT - TOYOTA TROOPER","118,157","","0","7321060630B0","4","N47799"
"TOYOTA TROOPER REAR SEAT BELTS","118,157","","0","7321060630B0","4","N48276"
"CAP ASSY OIL FILTER W/ELEMEMT TOYOTA ","0","","","","4","N48545"
"TOYOTA  LAND CRUISER 78 LC78 4.2L Hard top 5-Manual 4X4","0","","","","4","N49356"
"TOYOTA  LAND CRUISER 78 LC78 4.2L Hard top 5-Manual 4X4","0","","","","4","N49358"
"TOYOTA HILUX 2.4GD Active Double Cab 6-MT 4X4","0","","","","4","N49360"
"TOYOTA LAND CRUISER 79 LC79 4.0L Pick-up Double Cab 5-MT 4X4","0","","","","4","N49361"
"","","2","","9054107023","4",""
"","","2","","8522248040","4",""
"","","16","","9094803024","4",""
"","","2","","6861060040","4",""
"","","20","","9046710161","4",""
"","","0","","4861060040","4",""
"","","3","","9021442030","4",""
"","","8","","4744730030","4",""
"","","4","","4340460120","4",""
"","","1","","8951660560","4",""
"","","1","","9094802126","4",""
"","","1","","692126030C0","4",""
"","","1","","4350960051","4",""
"","","10","","6788160040","4",""
"","","2","","4641060B30","4",""
"","","5","","9020114016","4",""
"","","6","","4881560170","4",""
"","","3","","446660080","4",""
"","","1","","9031418066","4",""
"","","1","","8113060C41","4",""
"","","3","","4504669135","4",""
"","","1","","4320460031","4",""
"","","2","","494722050","4",""
"","","1","","128117091","4",""
"","","1","","1780130070","4",""
"","","12","","9056010275","4",""
"","","1","","044270K072","4",""
"","","4","","446560350","4",""
"","","1","","049430K110","4",""
"","","0","","1371117010","4",""
"","","1","","8832037080","4",""
"","","1","","3125060280","4",""
"","","1","","435120K090","4",""
"","","2","","733800K390CO","4",""
"","","1","","733900K240C0","4",""
"","","0","","1375317090","4",""
"","","2","","486090K120","4",""
"","","2","","1375354160","4",""
"","","0","","1375354210","4",""
"","","0","","4420060170","4",""
"","","2","","4731460351","4",""
"","","0","","5611530100","4",""
"","","12","","6786160110","4",""
"","","3","","843060D090","4",""
"","","0","","9011714052","4",""
"","","6","","9038916030","4",""
"","","3","","4731360521","4",""
"","","3","","043710k082","4",""
"","","0","","411106A313","4",""
"","","5","","4545069255","4",""
"","","1","","5611160220","4",""
"","","1","","681010k192","4",""
"","","2","","9038922003","4",""
"","","0","","1560041010","4",""
"","","3","","4242069016","4",""
"","","1","","4321160220","4",""
"","","1","","4570069175","4",""
"","","2","","4720136432","4",""
"","","2","","4880260090","4",""
"","","3","","7321060602-C0","4",""
"","","2","","7322060492-C0","4",""
"","","0","","8522271010","4",""
"","","2","","8837502140","4",""
"","","23","","9017814009","4",""
"","","6","","9017908062","4",""
"","","2","","9017914025","4",""
"","","45","","9018906018","4",""
"","","42","","9020115012","4",""
"","","6","","9021307018","4",""
"","","7","","90363-12024","4",""
"","","8","","90504-14002","4",""
"","","5","","90506-20033","4",""
"","","13","","90560-10275","4",""
"","","0","","90916-T2020","4",""
"","","4","","90981-13094","4",""
"","","45","","93540-56020","4",""
"","","43","","94130-01432","4",""
"","","5","","99132-YZZBA","4",""
"","","4","","95121-01036","4",""
"","","8","","90501-20012","4",""
"","","2","","31301-60290","4",""
"","","0","","84140-47140","4",""
"","","8","","69320-60070","4",""
"","","3","","69310-60070","4",""
"","","5","","67882-60041","4",""
"","","6","","67862-60110","4",""
"","","1","","04434-60151","4",""
"","","6","","46410-0k120","4",""
"","","0","","90311-45028","4",""
"","","2","","73210-60663-C0","4",""
"","","4","","04465-YZZE6","4",""
"","","0","","04465-0K240","4",""
"","","0","","04371-60210","4",""
"","","1","","36110-6E202","4",""
"","","3","","314200K014","4",""
"","","0","","442000K890","4",""
"","","1","","6981060340","4",""
"","","2","","851500K021","4",""
"","","1","","887126A380","4",""
"","","1","","411106A323","4",""
"","","0","","044270K022","4",""
"","","0","","90311T0036","4",""
"","","0","","044710K012","4",""
"","","2","","5611169A90","4",""
"","","2","","6920520040","4",""
"","","2","","69205-10040-B7","4",""
"","","6","","69206-10040-B6","4",""
"","","0","","443460150","4",""
"","","3","","043750K012","4",""
"","","3","","04375-0K012","4",""
"","","0","","04434-60130","4",""
"","","2","","04466-60140","4",""
"","","0","","448460130","4",""
"","","4","","1356809131","4",""
"","","12","","2360019075","4",""
"","","1","","494536010","4",""
"","","3","","4331009017","4",""
"","","2","","434300K080","4",""
"","","0","","1636117030","4",""
